çwì¸î‘çÜ,çwì¸ì˙,âÔàıî‘çÜ,è§ïiî‘çÜ,çwì¸å¬êî,è§ïiñûë´ìx,ÇvÇÖÇÇÇÃégÇ¢Ç‚Ç∑Ç≥,ÉTÉ|Å[Égï]âø,îzëóï]âø
3227,2012/4/3,492,1,8,5,4,3,5
3228,2012/4/3,122,9,13,5,3,4,3
3229,2012/4/3,36,1,10,3,5,3,3
3230,2012/4/3,182,1,10,4,4,4,4
3231,2012/4/3,413,7,11,4,4,1,5
3232,2012/4/3,227,6,14,4,5,5,3
3233,2012/4/3,444,4,13,5,4,3,4
3234,2012/4/4,489,8,8,1,3,5,5
3235,2012/4/4,143,10,13,4,3,5,3
3236,2012/4/4,423,6,11,3,3,1,3
3237,2012/4/4,310,3,8,5,5,5,3
3238,2012/4/4,358,2,9,5,4,4,5
3239,2012/4/4,163,3,9,3,5,5,5
3240,2012/4/5,430,4,11,1,5,5,4
3241,2012/4/5,267,7,7,5,5,4,5
3242,2012/4/5,42,3,4,5,5,1,4
3243,2012/4/5,18,10,13,3,5,5,4
3244,2012/4/5,492,5,3,5,5,3,4
3245,2012/4/5,194,1,17,3,3,2,5
3246,2012/4/6,418,3,12,4,4,1,5
3247,2012/4/6,416,10,7,4,4,3,5
3248,2012/4/6,179,7,10,4,4,2,4
3249,2012/4/6,73,9,11,2,4,5,5
3250,2012/4/6,218,8,7,4,4,3,5
3251,2012/4/6,405,8,9,3,3,1,3
3252,2012/4/6,383,8,4,5,5,1,5
3253,2012/4/7,348,7,12,5,5,4,3
3254,2012/4/7,56,10,11,3,3,4,4
3255,2012/4/7,80,6,10,3,4,4,5
3256,2012/4/7,320,8,7,5,5,4,4
3257,2012/4/7,162,8,8,3,5,2,4
3258,2012/4/7,267,8,7,4,3,4,5
3259,2012/4/8,351,8,8,5,5,3,5
3260,2012/4/8,193,10,8,4,4,4,3
3261,2012/4/8,284,3,8,5,3,1,5
3262,2012/4/8,235,3,9,3,5,4,3
3263,2012/4/9,310,7,5,5,5,5,5
3264,2012/4/9,254,7,11,4,3,1,3
3265,2012/4/9,148,9,12,5,3,2,3
3266,2012/4/9,148,8,7,5,4,2,3
3267,2012/4/9,208,5,10,5,4,1,4
3268,2012/4/9,383,7,13,4,5,1,5
3269,2012/4/10,51,2,9,3,5,4,3
3270,2012/4/10,30,7,5,4,5,5,4
3271,2012/4/10,496,1,9,5,4,5,3
3272,2012/4/10,5,8,11,5,3,5,5
3273,2012/4/10,464,3,6,2,3,3,5
3274,2012/4/11,30,8,7,4,5,5,4
3275,2012/4/11,51,9,11,3,5,4,4
3276,2012/4/11,28,7,8,5,5,4,5
3277,2012/4/11,381,3,4,2,4,3,4
3278,2012/4/11,11,4,10,1,3,5,3
3279,2012/4/11,60,8,14,3,4,3,5
3280,2012/4/11,322,6,9,5,3,5,5
3281,2012/4/11,334,7,6,1,3,5,3
3282,2012/4/11,492,5,11,5,4,3,3
3283,2012/4/11,428,3,7,4,5,1,5
3284,2012/4/12,277,6,14,5,4,5,5
3285,2012/4/12,351,6,11,5,5,3,3
3286,2012/4/12,239,10,9,3,4,1,5
3287,2012/4/12,69,3,9,5,3,3,3
3288,2012/4/13,309,8,7,5,3,3,4
3289,2012/4/13,496,7,14,5,3,5,3
3290,2012/4/13,239,9,10,3,4,1,5
3291,2012/4/13,249,8,12,4,3,3,5
3292,2012/4/13,244,7,5,4,4,4,3
3293,2012/4/13,208,5,10,5,3,1,3
3294,2012/4/13,272,4,9,3,4,5,3
3295,2012/4/14,158,7,6,4,3,5,3
3296,2012/4/14,184,8,11,4,3,5,5
3297,2012/4/14,403,5,9,5,4,5,5
3298,2012/4/14,51,7,0,4,5,4,5
3299,2012/4/14,250,2,9,4,3,4,3
3300,2012/4/14,49,2,7,5,5,4,5
3301,2012/4/14,221,10,7,4,4,5,4
3302,2012/4/14,221,8,8,3,3,5,5
3303,2012/4/14,266,3,15,4,3,3,5
3304,2012/4/14,54,9,9,5,4,5,4
3305,2012/4/14,375,1,6,5,3,1,3
3306,2012/4/14,459,8,7,4,4,2,4
3307,2012/4/15,69,8,13,5,5,3,5
3308,2012/4/15,370,7,8,4,4,1,3
3309,2012/4/15,107,10,8,5,5,3,4
3310,2012/4/15,19,2,11,1,5,4,4
3311,2012/4/15,187,3,9,4,5,3,4
3312,2012/4/15,345,8,6,5,3,5,4
3313,2012/4/15,29,10,9,4,3,5,5
3314,2012/4/15,321,6,14,4,3,4,5
3315,2012/4/15,212,7,9,1,4,5,4
3316,2012/4/15,93,8,10,5,5,3,4
3317,2012/4/15,476,7,11,5,5,1,5
3318,2012/4/15,433,6,10,5,5,1,5
3319,2012/4/16,424,6,5,3,5,3,4
3320,2012/4/16,46,1,9,3,5,5,5
3321,2012/4/16,52,4,7,1,5,4,5
3322,2012/4/16,189,3,6,4,5,4,3
3323,2012/4/16,324,7,15,5,4,5,4
3324,2012/4/16,4,8,11,4,4,3,3
3325,2012/4/16,270,8,5,5,3,5,3
3326,2012/4/17,31,8,6,5,5,1,3
3327,2012/4/17,383,6,5,4,5,1,5
3328,2012/4/17,364,3,6,4,3,5,5
3329,2012/4/17,246,7,13,1,3,4,3
3330,2012/4/18,49,7,8,5,4,4,3
3331,2012/4/18,268,2,13,5,5,3,3
3332,2012/4/18,60,3,10,2,5,3,5
3333,2012/4/18,54,8,13,5,4,5,3
3334,2012/4/18,423,7,10,1,5,1,3
3335,2012/4/18,325,8,9,5,4,5,3
3336,2012/4/19,177,3,5,5,4,4,5
3337,2012/4/19,408,7,11,5,4,4,5
3338,2012/4/19,207,2,6,5,3,3,5
3339,2012/4/19,5,7,7,5,3,5,4
3340,2012/4/19,177,4,6,5,3,4,3
3341,2012/4/19,58,6,14,1,5,3,5
3342,2012/4/19,183,3,10,4,3,4,5
3343,2012/4/20,190,1,11,4,5,5,4
3344,2012/4/20,152,1,9,3,4,4,3
3345,2012/4/20,29,6,12,4,4,5,3
3346,2012/4/20,217,6,7,4,4,5,4
3347,2012/4/20,358,7,8,4,4,4,4
3348,2012/4/20,153,6,7,4,5,3,3
3349,2012/4/21,370,6,7,4,5,1,4
3350,2012/4/21,311,8,6,5,3,3,3
3351,2012/4/21,231,2,7,4,5,4,3
3352,2012/4/22,417,7,7,5,4,1,5
3353,2012/4/22,285,3,11,4,4,3,5
3354,2012/4/22,370,8,3,4,3,1,5
3355,2012/4/22,412,3,1,5,5,3,4
3356,2012/4/22,96,8,13,5,5,5,3
3357,2012/4/22,274,8,8,5,5,5,4
3358,2012/4/22,254,7,8,4,4,1,3
3359,2012/4/22,363,5,9,2,4,4,5
3360,2012/4/22,283,3,10,5,3,5,4
3361,2012/4/23,359,1,10,4,4,4,4
3362,2012/4/23,264,4,7,3,5,4,4
3363,2012/4/23,444,7,13,5,3,3,5
3364,2012/4/23,440,7,7,5,4,3,4
3365,2012/4/24,119,9,8,5,5,4,5
3366,2012/4/24,15,8,9,2,3,4,5
3367,2012/4/24,476,8,13,5,4,1,4
3368,2012/4/24,42,7,1,5,3,1,4
3369,2012/4/24,51,8,7,3,3,4,5
3370,2012/4/24,418,5,10,4,4,1,5
3371,2012/4/24,98,8,9,3,4,5,5
3372,2012/4/24,5,3,2,5,3,5,4
3373,2012/4/25,122,1,6,5,3,3,4
3374,2012/4/25,260,7,15,4,5,3,4
3375,2012/4/25,166,8,11,5,3,2,3
3376,2012/4/25,307,7,15,5,4,3,5
3377,2012/4/25,285,10,1,4,5,3,3
3378,2012/4/26,446,8,9,1,4,5,5
3379,2012/4/26,148,10,8,5,4,2,5
3380,2012/4/26,173,8,12,5,5,2,5
3381,2012/4/26,12,1,3,1,4,4,3
3382,2012/4/26,75,7,9,1,4,3,3
3383,2012/4/26,13,7,13,1,3,4,5
3384,2012/4/26,443,3,9,3,5,1,4
3385,2012/4/27,227,3,8,4,4,5,4
3386,2012/4/27,308,1,6,4,3,4,5
3387,2012/4/27,54,8,14,5,4,5,3
3388,2012/4/27,4,7,10,4,5,4,5
3389,2012/4/28,334,8,13,1,5,5,3
3390,2012/4/28,221,7,7,3,5,5,3
3391,2012/4/28,431,3,4,4,5,3,4
3392,2012/4/29,68,9,6,3,5,1,5
3393,2012/4/29,484,3,7,5,5,3,5
3394,2012/4/29,116,9,9,5,4,3,5
3395,2012/4/29,238,6,7,4,3,4,5
3396,2012/4/29,96,7,6,5,5,5,5
3397,2012/4/29,273,7,6,4,4,5,4
3398,2012/4/29,463,1,5,3,5,3,3
3399,2012/4/29,479,7,13,1,2,4,5
3400,2012/4/30,11,8,10,1,3,5,5
3401,2012/4/30,413,1,7,4,5,1,4
3402,2012/4/30,1,1,10,5,5,4,5
3403,2012/5/1,207,7,5,5,4,3,5
3404,2012/5/1,319,8,7,5,4,4,4
3405,2012/5/1,134,6,9,1,5,3,4
3406,2012/5/1,21,3,7,2,4,3,4
3407,2012/5/1,249,8,11,5,4,3,4
3408,2012/5/1,4,9,10,4,5,4,3
3409,2012/5/1,322,5,7,5,3,5,5
3410,2012/5/1,50,1,11,5,3,4,3
3411,2012/5/1,144,2,7,5,4,4,4
3412,2012/5/2,260,3,5,4,3,3,3
3413,2012/5/2,208,6,5,5,4,1,5
3414,2012/5/2,438,8,10,2,4,1,5
3415,2012/5/2,257,10,5,3,4,4,3
3416,2012/5/2,320,3,7,5,4,4,3
3417,2012/5/2,492,4,10,5,5,3,5
3418,2012/5/2,300,4,3,3,3,1,4
3419,2012/5/3,496,7,8,5,4,5,5
3420,2012/5/3,129,5,9,4,4,2,4
3421,2012/5/3,397,8,8,4,4,4,4
3422,2012/5/3,190,5,7,1,5,5,5
3423,2012/5/3,375,10,10,5,4,1,4
3424,2012/5/3,489,7,5,1,3,5,5
3425,2012/5/4,436,5,8,5,5,5,4
3426,2012/5/4,267,2,6,4,3,4,5
3427,2012/5/4,202,3,10,4,4,5,4
3428,2012/5/4,332,8,6,1,5,4,4
3429,2012/5/4,254,1,15,3,5,1,3
3430,2012/5/4,266,1,3,4,5,3,4
3431,2012/5/4,43,7,13,3,4,3,3
3432,2012/5/4,81,4,6,5,4,1,5
3433,2012/5/4,103,8,12,5,5,5,4
3434,2012/5/5,140,10,15,2,3,3,5
3435,2012/5/5,437,3,12,5,4,5,3
3436,2012/5/5,437,7,7,4,4,5,4
3437,2012/5/6,175,8,5,4,3,5,3
3438,2012/5/6,255,7,5,5,5,5,4
3439,2012/5/6,359,3,12,4,4,4,4
3440,2012/5/6,95,6,16,5,3,3,5
3441,2012/5/6,258,3,14,5,5,5,4
3442,2012/5/6,348,10,13,5,4,4,4
3443,2012/5/7,30,8,12,4,5,5,4
3444,2012/5/7,412,9,11,5,4,3,5
3445,2012/5/7,74,3,11,5,3,3,5
3446,2012/5/7,128,2,5,5,5,5,5
3447,2012/5/8,403,8,13,5,5,5,4
3448,2012/5/8,344,9,6,5,5,4,3
3449,2012/5/9,258,3,8,5,4,5,5
3450,2012/5/9,405,2,8,3,5,1,5
3451,2012/5/9,184,3,12,4,5,5,5
3452,2012/5/9,270,7,10,4,4,5,5
3453,2012/5/9,246,1,8,5,3,5,3
3454,2012/5/9,151,7,13,5,3,2,5
3455,2012/5/9,424,8,9,3,3,3,5
3456,2012/5/9,162,2,7,3,4,2,3
3457,2012/5/9,113,5,10,4,4,5,4
3458,2012/5/10,188,2,17,4,3,5,4
3459,2012/5/10,165,7,11,1,4,5,3
3460,2012/5/10,341,8,11,5,4,4,4
3461,2012/5/10,100,10,15,4,5,1,3
3462,2012/5/10,383,8,6,4,4,1,4
3463,2012/5/11,334,3,6,1,3,5,4
3464,2012/5/11,385,7,7,4,5,5,5
3465,2012/5/11,362,7,6,3,5,4,5
3466,2012/5/12,269,9,7,4,5,5,4
3467,2012/5/12,74,8,11,5,3,3,5
3468,2012/5/12,93,8,7,5,5,3,5
3469,2012/5/12,190,4,7,4,5,5,5
3470,2012/5/13,264,8,5,3,3,4,4
3471,2012/5/13,495,5,4,5,3,5,5
3472,2012/5/13,48,2,4,3,3,1,4
3473,2012/5/13,266,8,6,4,5,3,3
3474,2012/5/13,397,8,9,4,5,4,5
3475,2012/5/13,178,7,8,4,5,3,3
3476,2012/5/13,5,3,7,5,3,5,4
3477,2012/5/13,69,8,8,5,3,3,3
3478,2012/5/13,386,7,6,4,5,1,4
3479,2012/5/14,337,5,7,2,4,3,5
3480,2012/5/14,469,5,9,5,5,4,5
3481,2012/5/14,300,4,11,3,3,1,5
3482,2012/5/14,162,3,9,3,3,2,4
3483,2012/5/14,268,7,9,5,4,3,4
3484,2012/5/14,74,6,11,5,3,3,3
3485,2012/5/15,478,8,7,5,3,3,5
3486,2012/5/15,389,3,7,5,5,4,5
3487,2012/5/15,284,8,11,5,3,1,3
3488,2012/5/15,28,6,11,5,5,4,4
3489,2012/5/16,486,10,6,5,5,3,5
3490,2012/5/17,49,10,10,5,3,4,5
3491,2012/5/17,141,3,13,3,3,4,5
3492,2012/5/17,206,7,11,3,3,4,3
3493,2012/5/17,193,9,8,4,3,5,5
3494,2012/5/18,322,5,7,5,4,5,3
3495,2012/5/18,456,7,8,5,4,4,5
3496,2012/5/18,194,3,10,3,5,2,5
3497,2012/5/18,496,9,9,5,5,5,4
3498,2012/5/18,98,3,8,3,3,5,5
3499,2012/5/19,163,10,13,3,5,5,5
3500,2012/5/20,405,7,10,3,5,1,5
3501,2012/5/20,466,7,8,5,3,4,3
3502,2012/5/20,370,7,7,4,5,1,5
3503,2012/5/20,324,8,9,5,5,5,5
3504,2012/5/20,486,3,6,5,4,3,5
3505,2012/5/21,103,3,12,5,3,5,5
3506,2012/5/21,32,3,14,2,3,5,5
3507,2012/5/22,237,6,6,4,4,1,5
3508,2012/5/22,355,2,7,4,5,1,4
3509,2012/5/22,31,7,9,5,3,1,4
3510,2012/5/22,492,4,9,5,3,3,4
3511,2012/5/23,405,3,7,3,5,2,5
3512,2012/5/23,287,8,9,4,4,4,5
3513,2012/5/23,444,8,2,5,5,3,3
3514,2012/5/23,30,6,11,4,5,5,3
3515,2012/5/24,103,3,10,5,5,5,3
3516,2012/5/24,116,3,7,5,3,3,4
3517,2012/5/24,29,7,4,5,3,5,5
3518,2012/5/24,243,6,6,5,3,4,4
3519,2012/5/24,61,3,12,5,3,4,5
3520,2012/5/24,356,5,16,5,5,4,3
3521,2012/5/24,109,8,7,4,4,4,5
3522,2012/5/25,332,6,9,2,3,4,3
3523,2012/5/25,344,3,12,5,5,4,5
3524,2012/5/26,403,3,10,5,3,5,3
3525,2012/5/26,234,7,9,5,4,3,5
3526,2012/5/26,113,3,2,4,5,5,5
3527,2012/5/26,5,2,12,5,5,5,5
3528,2012/5/26,422,3,7,5,5,1,3
3529,2012/5/27,389,8,6,5,4,4,3
3530,2012/5/27,101,7,9,5,5,3,5
3531,2012/5/27,356,10,9,5,3,4,3
3532,2012/5/27,385,3,6,4,3,5,3
3533,2012/5/27,61,5,8,5,5,4,5
3534,2012/5/27,401,7,7,4,3,3,4
3535,2012/5/27,456,8,10,4,5,4,5
3536,2012/5/27,173,8,8,5,5,2,3
3537,2012/5/27,138,7,11,3,5,5,3
3538,2012/5/27,362,7,10,3,5,4,5
3539,2012/5/28,39,9,9,1,5,4,4
3540,2012/5/28,93,7,4,5,3,3,4
3541,2012/5/28,30,8,8,4,5,4,3
3542,2012/5/28,193,8,8,4,4,5,4
3543,2012/5/28,408,4,10,5,5,4,4
3544,2012/5/28,33,3,10,5,5,3,4
3545,2012/5/28,172,7,12,4,5,3,5
3546,2012/5/28,490,10,15,1,4,3,4
3547,2012/5/29,246,7,13,5,5,4,4
3548,2012/5/29,351,10,9,4,4,3,5
3549,2012/5/29,159,8,3,3,4,5,3
3550,2012/5/29,387,7,8,5,5,1,5
3551,2012/5/29,430,3,10,1,3,5,3
3552,2012/5/29,335,8,4,5,5,3,3
3553,2012/5/30,86,10,8,5,4,4,5
3554,2012/5/30,270,8,9,5,5,5,4
3555,2012/5/30,208,7,15,5,5,1,3
3556,2012/5/30,293,7,6,5,4,3,5
3557,2012/5/31,254,8,13,4,5,1,5
3558,2012/5/31,267,7,11,1,4,4,3
3559,2012/5/31,1,5,4,4,3,3,5
3560,2012/6/1,124,3,7,4,5,3,4
3561,2012/6/1,1,9,8,4,3,4,4
3562,2012/6/1,28,9,9,5,3,4,4
3563,2012/6/1,107,3,9,5,5,3,5
3564,2012/6/1,431,8,7,5,3,3,5
3565,2012/6/1,456,9,5,4,3,4,5
3566,2012/6/1,217,7,14,4,5,5,5
3567,2012/6/1,3,8,9,3,5,1,5
3568,2012/6/1,4,8,8,3,5,4,3
3569,2012/6/2,262,5,4,4,3,3,3
3570,2012/6/2,253,7,10,3,4,3,5
3571,2012/6/3,61,8,8,5,3,4,5
3572,2012/6/3,294,6,10,3,4,5,3
3573,2012/6/4,499,8,11,5,4,3,4
3574,2012/6/5,299,8,7,1,5,5,3
3575,2012/6/5,81,7,9,5,5,1,4
3576,2012/6/5,83,7,6,3,5,5,3
3577,2012/6/5,422,7,4,5,3,1,4
3578,2012/6/5,456,8,9,5,4,4,5
3579,2012/6/5,162,10,9,3,4,2,4
3580,2012/6/5,124,7,10,4,4,3,3
3581,2012/6/5,157,7,8,5,3,2,5
3582,2012/6/6,178,10,7,4,4,3,3
3583,2012/6/6,375,7,7,5,5,1,5
3584,2012/6/6,397,1,5,4,5,4,3
3585,2012/6/6,194,8,8,3,4,2,4
3586,2012/6/6,366,10,7,4,5,5,4
3587,2012/6/6,333,9,10,3,3,3,5
3588,2012/6/6,135,8,11,4,4,4,3
3589,2012/6/7,104,8,7,2,3,2,4
3590,2012/6/7,370,3,11,4,4,1,3
3591,2012/6/7,402,2,14,1,3,4,3
3592,2012/6/7,494,8,8,1,3,5,4
3593,2012/6/8,383,3,11,4,3,1,5
3594,2012/6/8,344,5,4,5,4,4,5
3595,2012/6/8,495,3,8,5,4,5,4
3596,2012/6/8,333,1,6,3,3,3,3
3597,2012/6/8,377,7,7,3,4,1,5
3598,2012/6/8,173,8,12,5,3,2,3
3599,2012/6/8,443,5,13,3,5,1,3
3600,2012/6/8,38,10,10,2,4,3,3
3601,2012/6/8,482,3,7,5,5,1,3
3602,2012/6/9,336,6,8,4,4,5,4
3603,2012/6/9,98,3,8,3,4,5,5
3604,2012/6/9,407,7,14,3,4,5,5
3605,2012/6/9,241,8,4,4,5,5,3
3606,2012/6/9,113,7,2,4,3,5,5
3607,2012/6/9,159,3,9,1,5,5,3
3608,2012/6/10,451,6,12,1,4,5,4
3609,2012/6/10,295,3,10,5,3,5,4
3610,2012/6/10,320,7,3,5,3,4,5
3611,2012/6/10,195,9,8,5,5,4,5
3612,2012/6/10,173,3,6,5,3,2,3
3613,2012/6/10,342,5,12,4,5,4,3
3614,2012/6/10,491,3,4,5,5,5,5
3615,2012/6/10,420,3,8,3,4,3,5
3616,2012/6/11,157,9,3,5,5,2,3
3617,2012/6/11,164,9,9,3,3,5,5
3618,2012/6/11,384,8,5,5,3,1,5
3619,2012/6/11,62,7,6,3,5,3,4
3620,2012/6/11,74,1,5,5,4,3,5
3621,2012/6/11,151,3,8,5,4,2,3
3622,2012/6/11,456,8,12,5,5,4,4
3623,2012/6/11,146,3,6,5,5,2,5
3624,2012/6/11,370,5,2,4,3,1,4
3625,2012/6/11,122,1,8,5,3,3,5
3626,2012/6/11,369,8,8,5,4,1,4
3627,2012/6/11,346,3,10,5,4,5,5
3628,2012/6/12,274,10,6,5,5,5,4
3629,2012/6/12,392,3,11,1,5,5,3
3630,2012/6/12,156,2,8,3,4,5,4
3631,2012/6/12,301,10,8,4,5,4,3
3632,2012/6/12,442,3,8,4,4,5,3
3633,2012/6/12,373,5,11,4,5,3,4
3634,2012/6/12,5,1,8,5,5,5,5
3635,2012/6/12,5,7,10,4,3,5,5
3636,2012/6/13,275,8,10,1,4,3,5
3637,2012/6/13,344,6,5,5,3,4,3
3638,2012/6/13,157,2,3,5,5,2,4
3639,2012/6/13,268,9,5,3,4,3,5
3640,2012/6/13,294,8,5,3,5,5,3
3641,2012/6/13,448,8,10,2,5,1,3
3642,2012/6/13,224,6,11,4,4,5,5
3643,2012/6/14,130,9,6,2,3,3,4
3644,2012/6/14,118,6,12,5,4,5,5
3645,2012/6/14,50,1,9,5,3,4,3
3646,2012/6/14,215,3,14,4,5,5,4
3647,2012/6/14,22,8,11,3,3,5,3
3648,2012/6/15,377,8,9,2,5,1,5
3649,2012/6/15,366,3,9,4,5,5,5
3650,2012/6/16,357,3,5,3,4,4,4
3651,2012/6/16,420,7,11,3,5,3,5
3652,2012/6/16,146,7,10,5,3,2,5
3653,2012/6/16,392,7,8,1,5,5,5
3654,2012/6/16,114,3,8,3,4,5,4
3655,2012/6/17,116,3,9,5,4,4,3
3656,2012/6/17,223,7,7,5,3,5,3
3657,2012/6/17,444,7,13,5,4,3,3
3658,2012/6/17,103,10,13,5,5,5,5
3659,2012/6/17,179,9,5,4,4,2,4
3660,2012/6/17,322,4,5,5,3,5,4
3661,2012/6/17,420,6,12,2,5,3,4
3662,2012/6/18,51,10,4,3,5,4,5
3663,2012/6/18,479,1,4,1,5,4,4
3664,2012/6/18,46,8,13,1,4,5,4
3665,2012/6/18,74,8,3,5,4,3,5
3666,2012/6/19,443,3,12,3,5,1,3
3667,2012/6/19,466,10,8,4,5,4,5
3668,2012/6/19,129,6,10,4,4,2,5
3669,2012/6/19,246,7,10,5,4,4,5
3670,2012/6/20,172,5,8,4,3,3,5
3671,2012/6/20,28,10,8,5,4,4,5
3672,2012/6/20,408,3,8,5,5,4,5
3673,2012/6/20,117,7,9,2,5,4,5
3674,2012/6/20,96,4,11,5,5,5,4
3675,2012/6/20,122,6,8,4,3,3,3
3676,2012/6/20,151,1,7,5,5,2,3
3677,2012/6/21,176,8,10,4,5,4,3
3678,2012/6/21,255,7,7,5,3,5,5
3679,2012/6/21,93,3,9,5,5,3,4
3680,2012/6/21,166,1,12,5,5,2,5
3681,2012/6/21,248,9,6,5,5,5,3
3682,2012/6/21,61,7,5,5,5,4,4
3683,2012/6/21,129,8,10,4,5,2,5
3684,2012/6/22,280,7,9,4,4,4,5
3685,2012/6/22,185,3,8,4,3,3,5
3686,2012/6/22,441,7,9,2,4,3,4
3687,2012/6/22,142,3,6,5,4,5,4
3688,2012/6/22,175,7,6,4,3,5,4
3689,2012/6/22,142,8,6,5,5,5,3
3690,2012/6/22,380,1,6,4,3,5,3
3691,2012/6/23,211,8,6,5,3,4,3
3692,2012/6/23,450,8,8,4,4,5,5
3693,2012/6/23,199,8,13,4,5,5,3
3694,2012/6/23,310,8,8,5,5,5,5
3695,2012/6/23,376,3,3,5,3,4,3
3696,2012/6/24,314,8,3,4,5,3,4
3697,2012/6/24,361,4,6,4,4,5,4
3698,2012/6/24,76,9,8,1,5,1,5
3699,2012/6/24,282,4,11,4,5,4,5
3700,2012/6/24,81,3,6,5,4,1,4
3701,2012/6/24,194,8,7,3,3,2,5
3702,2012/6/24,86,7,4,5,4,4,4
3703,2012/6/24,1,3,8,5,5,4,3
3704,2012/6/25,231,3,8,3,5,4,3
3705,2012/6/25,115,6,5,3,3,5,3
3706,2012/6/25,119,8,12,5,5,4,4
3707,2012/6/25,271,10,14,5,3,4,4
3708,2012/6/25,173,7,11,5,5,2,3
3709,2012/6/26,101,8,7,5,3,3,5
3710,2012/6/26,31,7,8,5,4,1,4
3711,2012/6/26,494,3,6,1,3,5,3
3712,2012/6/26,407,8,7,3,4,5,5
3713,2012/6/26,331,5,4,5,3,5,4
3714,2012/6/26,123,3,9,4,3,5,3
3715,2012/6/26,156,3,12,3,4,5,5
3716,2012/6/26,293,8,6,5,5,3,5
3717,2012/6/26,29,5,8,5,3,5,5
3718,2012/6/26,50,3,10,5,5,4,4
3719,2012/6/26,36,8,17,3,4,3,3
3720,2012/6/27,476,10,5,5,4,2,3
3721,2012/6/27,25,7,9,2,4,3,5
3722,2012/6/27,238,8,9,4,5,4,3
3723,2012/6/27,369,5,7,3,5,1,5
3724,2012/6/27,500,8,6,1,5,5,4
3725,2012/6/27,296,8,9,3,4,4,5
3726,2012/6/27,320,7,8,5,3,4,3
3727,2012/6/27,330,3,7,4,4,2,4
3728,2012/6/27,344,6,8,4,4,4,5
3729,2012/6/28,499,7,6,5,4,3,4
3730,2012/6/28,84,7,8,2,3,5,5
3731,2012/6/28,1,7,13,5,4,4,3
3732,2012/6/28,176,7,8,4,5,4,3
3733,2012/6/28,277,8,8,4,5,5,3
3734,2012/6/29,140,10,13,2,5,3,3
3735,2012/6/29,205,2,9,5,3,5,5
3736,2012/6/29,339,3,6,4,4,3,4
3737,2012/6/30,335,10,13,5,4,3,4
3738,2012/6/30,241,3,5,4,4,5,4
3739,2012/6/30,324,3,11,5,3,5,5
3740,2012/6/30,485,7,9,4,4,3,3
3741,2012/6/30,61,3,10,5,4,4,3
3742,2012/6/30,151,7,15,5,5,2,4
3743,2012/7/1,43,6,8,3,4,3,4
3744,2012/7/1,424,6,9,3,4,3,5
3745,2012/7/1,217,7,6,4,5,5,3
3746,2012/7/1,307,7,4,5,5,3,3
3747,2012/7/2,108,7,14,2,5,2,3
3748,2012/7/2,397,3,10,5,4,4,3
3749,2012/7/2,424,7,7,3,5,3,3
3750,2012/7/2,68,3,8,3,4,1,4
3751,2012/7/3,28,2,8,5,3,4,3
3752,2012/7/3,42,4,11,5,5,1,5
3753,2012/7/3,42,4,14,5,5,1,5
3754,2012/7/3,21,9,12,2,4,3,4
3755,2012/7/3,284,4,12,5,3,1,5
3756,2012/7/3,219,9,2,4,5,2,5
3757,2012/7/3,103,3,4,5,4,5,5
3758,2012/7/3,38,7,10,2,5,3,3
3759,2012/7/4,135,5,12,4,3,4,4
3760,2012/7/4,401,2,5,4,4,3,4
3761,2012/7/4,390,1,7,5,5,5,5
3762,2012/7/4,437,3,12,5,4,5,5
3763,2012/7/4,366,7,13,4,5,5,3
3764,2012/7/4,291,8,11,4,3,1,5
3765,2012/7/4,408,5,8,4,5,4,3
3766,2012/7/4,142,1,10,5,3,5,5
3767,2012/7/4,105,5,10,4,3,4,4
3768,2012/7/4,443,7,12,3,4,1,5
3769,2012/7/5,237,7,10,4,5,1,5
3770,2012/7/5,177,4,9,5,4,4,5
3771,2012/7/5,268,7,8,3,5,3,5
3772,2012/7/5,115,7,16,3,5,4,5
3773,2012/7/5,115,5,9,3,5,5,5
3774,2012/7/5,53,7,10,3,5,4,3
3775,2012/7/6,9,3,14,3,4,1,2
3776,2012/7/6,320,8,13,5,3,4,4
3777,2012/7/6,74,3,6,5,4,3,4
3778,2012/7/6,230,4,9,4,5,5,3
3779,2012/7/6,336,5,4,4,3,5,4
3780,2012/7/6,182,7,8,5,3,4,5
3781,2012/7/6,194,9,10,3,4,2,3
3782,2012/7/7,129,5,10,4,5,2,4
3783,2012/7/7,287,7,6,4,4,4,4
3784,2012/7/7,390,3,13,4,4,5,4
3785,2012/7/7,202,7,6,4,4,5,4
3786,2012/7/7,322,7,5,5,5,5,4
3787,2012/7/7,273,3,7,4,3,5,5
3788,2012/7/7,243,7,10,5,5,4,3
3789,2012/7/8,343,3,6,4,5,5,5
3790,2012/7/8,426,2,3,3,5,1,3
3791,2012/7/8,37,7,5,5,3,5,3
3792,2012/7/9,355,9,12,4,5,1,5
3793,2012/7/9,1,8,4,5,5,4,5
3794,2012/7/9,364,7,8,4,3,5,5
3795,2012/7/9,318,7,9,2,3,4,5
3796,2012/7/9,217,1,12,4,4,5,4
3797,2012/7/9,328,7,14,4,5,5,4
3798,2012/7/10,42,4,6,5,5,1,4
3799,2012/7/10,107,6,6,5,5,3,3
3800,2012/7/10,428,6,3,4,3,1,5
3801,2012/7/11,394,8,9,2,5,4,5
3802,2012/7/11,410,7,10,1,3,4,5
3803,2012/7/11,287,2,10,4,5,4,4
3804,2012/7/11,135,10,15,4,4,4,4
3805,2012/7/11,142,10,8,5,5,5,5
3806,2012/7/11,217,3,7,4,3,5,5
3807,2012/7/11,116,3,14,5,5,3,4
3808,2012/7/11,58,3,7,1,4,3,3
3809,2012/7/11,165,8,12,3,5,4,4
3810,2012/7/12,252,3,13,5,4,1,5
3811,2012/7/12,386,10,4,3,5,1,5
3812,2012/7/12,142,7,4,5,3,5,3
3813,2012/7/12,499,5,9,4,4,3,3
3814,2012/7/12,418,3,6,4,4,1,5
3815,2012/7/13,496,8,5,5,3,5,3
3816,2012/7/13,211,3,8,5,3,4,5
3817,2012/7/13,81,5,10,5,5,1,4
3818,2012/7/13,28,7,10,5,3,4,4
3819,2012/7/13,382,7,11,4,3,3,5
3820,2012/7/13,96,1,13,5,5,5,5
3821,2012/7/14,51,10,9,3,3,4,4
3822,2012/7/14,157,2,11,5,5,2,5
3823,2012/7/14,236,6,11,4,4,5,4
3824,2012/7/14,234,5,8,5,5,3,3
3825,2012/7/15,376,8,6,5,4,4,5
3826,2012/7/15,356,2,11,5,3,4,3
3827,2012/7/15,3,5,9,2,4,1,3
3828,2012/7/16,144,7,6,5,4,3,5
3829,2012/7/16,106,7,10,2,3,3,3
3830,2012/7/16,223,8,11,5,3,5,5
3831,2012/7/16,143,6,11,4,3,5,5
3832,2012/7/16,268,3,7,5,3,3,3
3833,2012/7/16,408,3,13,5,5,4,5
3834,2012/7/17,182,6,4,5,3,4,4
3835,2012/7/17,264,1,12,4,4,4,3
3836,2012/7/17,18,8,10,3,4,5,3
3837,2012/7/17,375,5,11,5,3,1,3
3838,2012/7/17,456,3,10,4,4,4,3
3839,2012/7/18,39,6,14,1,5,5,4
3840,2012/7/18,222,2,8,1,5,4,3
3841,2012/7/18,322,10,11,5,5,5,3
3842,2012/7/19,497,7,11,1,3,5,4
3843,2012/7/19,16,10,9,3,3,1,5
3844,2012/7/19,169,10,9,4,3,4,3
3845,2012/7/19,319,7,8,5,4,4,5
3846,2012/7/19,84,8,8,3,5,5,3
3847,2012/7/19,237,2,13,4,4,1,3
3848,2012/7/19,323,5,7,5,3,4,4
3849,2012/7/20,375,7,11,5,4,1,4
3850,2012/7/20,223,7,8,5,5,5,4
3851,2012/7/20,343,6,6,3,3,5,4
3852,2012/7/21,194,6,9,3,4,2,5
3853,2012/7/21,142,5,9,5,4,5,4
3854,2012/7/21,122,8,13,5,3,3,4
3855,2012/7/21,383,7,8,4,5,1,3
3856,2012/7/21,211,3,9,5,5,4,5
3857,2012/7/21,136,7,8,4,3,5,4
3858,2012/7/21,173,8,6,5,5,2,3
3859,2012/7/21,272,3,8,3,5,5,4
3860,2012/7/21,173,3,7,5,5,2,5
3861,2012/7/22,141,5,12,3,3,3,3
3862,2012/7/22,136,1,12,4,4,5,5
3863,2012/7/22,482,7,7,5,4,1,5
3864,2012/7/22,86,7,5,5,5,4,3
3865,2012/7/23,492,8,9,5,3,3,5
3866,2012/7/23,16,7,12,2,4,1,3
3867,2012/7/23,288,3,12,5,5,5,5
3868,2012/7/24,107,3,7,5,4,3,4
3869,2012/7/24,332,6,7,2,4,4,5
3870,2012/7/24,269,7,9,5,5,5,4
3871,2012/7/24,405,8,11,3,3,1,5
3872,2012/7/24,56,7,8,3,5,4,4
3873,2012/7/24,162,7,4,3,3,2,5
3874,2012/7/24,358,3,14,4,3,4,5
3875,2012/7/24,162,1,7,3,5,2,5
3876,2012/7/24,30,2,5,1,3,5,4
3877,2012/7/24,456,3,8,5,5,4,5
3878,2012/7/25,326,8,2,2,4,2,4
3879,2012/7/25,90,8,6,1,5,2,5
3880,2012/7/25,185,5,8,4,4,3,4
3881,2012/7/25,297,2,15,1,5,3,4
3882,2012/7/25,341,7,9,4,3,4,5
3883,2012/7/25,96,3,12,4,3,5,5
3884,2012/7/26,342,9,12,4,3,4,3
3885,2012/7/26,296,3,10,3,4,4,5
3886,2012/7/26,428,8,14,4,4,1,4
3887,2012/7/26,85,3,11,4,3,4,3
3888,2012/7/27,81,8,8,5,5,1,5
3889,2012/7/27,151,1,11,5,5,2,3
3890,2012/7/27,335,7,9,5,5,3,5
3891,2012/7/27,179,1,8,4,5,2,5
3892,2012/7/27,221,3,2,4,3,4,4
3893,2012/7/27,157,4,17,5,4,2,3
3894,2012/7/27,226,5,9,4,3,3,3
3895,2012/7/28,427,2,4,1,3,3,3
3896,2012/7/28,237,3,6,4,5,1,5
3897,2012/7/28,427,5,12,1,4,3,5
3898,2012/7/28,180,7,9,3,5,4,3
3899,2012/7/28,142,5,9,5,3,5,3
3900,2012/7/28,209,6,12,5,3,3,5
3901,2012/7/29,397,3,9,5,3,4,4
3902,2012/7/29,169,1,9,3,5,4,3
3903,2012/7/29,301,6,15,3,3,4,4
3904,2012/7/29,436,3,12,5,3,5,5
3905,2012/7/29,54,7,6,5,3,5,4
3906,2012/7/29,491,7,3,5,5,5,4
3907,2012/7/30,485,7,2,4,3,3,3
3908,2012/7/30,360,3,8,5,5,5,4
3909,2012/7/30,85,3,11,4,5,4,4
3910,2012/7/30,349,7,9,5,5,5,5
3911,2012/7/30,37,8,10,5,3,5,5
3912,2012/7/30,403,2,16,5,5,5,5
3913,2012/7/30,179,3,4,4,5,2,5
3914,2012/7/30,30,8,6,1,5,5,5
3915,2012/7/31,284,7,5,5,5,1,3
3916,2012/7/31,239,7,4,4,4,1,3
3917,2012/7/31,46,8,11,3,5,5,5
3918,2012/7/31,397,7,13,4,3,4,5
3919,2012/7/31,403,5,6,4,5,5,4
3920,2012/7/31,324,7,8,5,5,5,5
3921,2012/7/31,194,3,10,3,5,2,5
3922,2012/7/31,129,7,7,4,4,2,4
3923,2012/8/1,471,1,7,3,4,3,3
3924,2012/8/1,211,3,9,5,5,4,3
3925,2012/8/1,210,2,10,4,4,3,4
3926,2012/8/1,456,10,10,5,5,4,5
3927,2012/8/1,210,6,9,4,5,4,3
3928,2012/8/1,69,3,8,5,5,3,3
3929,2012/8/2,74,10,6,5,4,3,4
3930,2012/8/2,219,6,10,1,5,2,5
3931,2012/8/2,344,4,4,5,5,4,3
3932,2012/8/2,408,5,11,5,4,4,5
3933,2012/8/2,266,1,9,4,4,3,5
3934,2012/8/3,182,8,1,5,4,4,4
3935,2012/8/3,258,3,4,4,4,5,5
3936,2012/8/3,388,8,12,4,3,5,5
3937,2012/8/4,185,7,10,4,4,3,3
3938,2012/8/4,319,8,12,5,5,4,4
3939,2012/8/4,343,7,8,3,5,5,5
3940,2012/8/4,243,10,7,5,5,4,3
3941,2012/8/4,129,3,10,4,3,2,4
3942,2012/8/4,374,7,10,1,4,3,5
3943,2012/8/4,48,6,13,1,5,1,5
3944,2012/8/4,209,8,6,5,4,3,3
3945,2012/8/4,419,2,9,1,5,5,3
3946,2012/8/5,218,3,9,4,4,3,5
3947,2012/8/5,252,7,9,4,5,1,5
3948,2012/8/5,471,3,8,3,4,3,4
3949,2012/8/5,254,8,10,4,4,1,3
3950,2012/8/5,69,8,10,5,3,3,4
3951,2012/8/5,341,7,11,5,4,4,3
3952,2012/8/5,499,1,13,5,4,3,5
3953,2012/8/6,107,3,10,5,4,3,5
3954,2012/8/6,131,8,9,2,4,4,5
3955,2012/8/6,128,6,8,5,5,5,4
3956,2012/8/7,336,2,10,4,5,5,5
3957,2012/8/7,180,7,11,3,4,4,3
3958,2012/8/7,304,3,7,5,5,5,4
3959,2012/8/7,21,7,7,1,4,3,5
3960,2012/8/7,148,8,9,5,3,2,3
3961,2012/8/7,370,9,4,4,4,1,3
3962,2012/8/7,446,3,9,1,5,5,4
3963,2012/8/7,68,8,10,3,4,1,4
3964,2012/8/7,261,8,8,4,4,4,5
3965,2012/8/8,444,7,10,5,3,3,5
3966,2012/8/8,356,5,10,5,5,4,4
3967,2012/8/8,267,7,9,4,4,4,3
3968,2012/8/8,51,7,10,3,4,4,5
3969,2012/8/8,496,3,7,5,5,5,4
3970,2012/8/8,29,2,10,4,3,5,3
3971,2012/8/8,295,5,11,5,4,5,5
3972,2012/8/9,103,5,10,5,3,5,4
3973,2012/8/9,421,4,10,3,4,1,5
3974,2012/8/9,138,2,12,3,4,5,5
3975,2012/8/9,37,5,13,5,3,5,5
3976,2012/8/9,495,4,10,5,4,5,3
3977,2012/8/9,492,9,11,5,4,3,5
3978,2012/8/9,95,3,8,5,5,3,4
3979,2012/8/9,50,2,10,5,5,4,4
3980,2012/8/10,17,7,10,2,4,1,4
3981,2012/8/10,107,7,6,5,4,3,5
3982,2012/8/10,494,4,14,1,4,5,5
3983,2012/8/10,371,2,10,5,3,3,5
3984,2012/8/10,346,3,14,5,4,5,4
3985,2012/8/10,217,9,9,5,3,4,4
3986,2012/8/10,129,3,14,4,4,2,3
3987,2012/8/10,292,4,10,4,4,4,3
3988,2012/8/10,254,6,9,4,4,1,3
3989,2012/8/11,267,3,4,4,4,5,4
3990,2012/8/11,267,8,9,4,3,4,4
3991,2012/8/11,499,4,7,5,4,3,3
3992,2012/8/11,221,4,7,4,5,5,5
3993,2012/8/11,336,2,8,4,3,5,4
3994,2012/8/11,433,3,7,5,5,1,4
3995,2012/8/11,221,7,3,4,5,5,4
3996,2012/8/11,187,7,14,4,3,3,4
3997,2012/8/12,349,8,8,4,3,5,5
3998,2012/8/12,272,10,4,3,4,5,3
3999,2012/8/12,267,3,6,4,4,4,5
4000,2012/8/12,269,5,10,5,3,5,4
4001,2012/8/12,209,7,7,5,5,3,5
4002,2012/8/12,54,7,5,5,5,5,3
4003,2012/8/12,107,8,7,5,3,3,4
4004,2012/8/12,300,7,11,3,4,1,4
4005,2012/8/12,61,8,9,5,3,4,5
4006,2012/8/13,397,8,10,5,3,4,3
4007,2012/8/13,375,2,9,5,4,1,3
4008,2012/8/13,281,8,8,4,4,3,5
4009,2012/8/13,467,6,7,4,5,3,3
4010,2012/8/13,120,7,10,3,3,5,5
4011,2012/8/13,428,7,5,4,3,1,5
4012,2012/8/14,237,7,7,1,5,1,5
4013,2012/8/14,166,7,4,5,5,2,5
4014,2012/8/14,239,4,3,3,5,1,4
4015,2012/8/14,409,3,9,3,4,3,3
4016,2012/8/14,237,2,6,4,5,1,3
4017,2012/8/14,471,10,11,3,4,3,3
4018,2012/8/15,248,1,10,5,5,5,3
4019,2012/8/15,336,1,4,4,3,5,3
4020,2012/8/15,485,10,11,4,3,3,4
4021,2012/8/15,42,3,8,5,5,1,5
4022,2012/8/15,355,3,11,4,5,1,3
4023,2012/8/16,239,8,6,3,5,1,3
4024,2012/8/16,125,8,4,4,5,3,5
4025,2012/8/16,63,3,17,3,3,4,5
4026,2012/8/16,20,7,9,1,5,5,5
4027,2012/8/16,408,8,9,5,5,4,5
4028,2012/8/16,1,5,11,5,3,4,3
4029,2012/8/17,100,8,13,4,3,1,5
4030,2012/8/17,478,5,12,5,4,3,3
4031,2012/8/17,146,6,13,5,3,2,4
4032,2012/8/17,442,10,7,4,5,5,4
4033,2012/8/17,126,8,4,2,5,5,3
4034,2012/8/18,179,8,5,4,3,2,5
4035,2012/8/18,244,8,5,4,3,4,4
4036,2012/8/18,32,7,7,2,3,5,5
4037,2012/8/19,9,7,7,3,3,1,3
4038,2012/8/19,411,5,13,3,4,1,4
4039,2012/8/19,372,6,9,4,3,4,5
4040,2012/8/19,230,7,7,4,5,5,3
4041,2012/8/19,463,5,7,3,5,3,5
4042,2012/8/19,15,8,8,3,5,4,4
4043,2012/8/20,345,3,13,5,4,5,3
4044,2012/8/20,415,8,6,3,5,1,4
4045,2012/8/20,225,3,4,4,3,4,4
4046,2012/8/20,397,10,12,5,4,4,4
4047,2012/8/20,327,7,6,3,1,5,5
4048,2012/8/20,181,10,5,3,4,4,4
4049,2012/8/21,492,8,9,5,4,3,3
4050,2012/8/21,309,3,5,5,5,3,4
4051,2012/8/22,327,8,6,3,4,5,5
4052,2012/8/22,444,1,5,5,5,4,4
4053,2012/8/22,336,8,12,4,5,5,5
4054,2012/8/22,74,6,9,5,3,3,3
4055,2012/8/23,288,5,6,5,5,5,4
4056,2012/8/23,308,7,7,4,5,4,5
4057,2012/8/23,226,7,6,4,3,3,5
4058,2012/8/24,315,2,9,5,3,5,5
4059,2012/8/25,436,1,6,5,5,5,3
4060,2012/8/25,408,8,7,5,5,4,5
4061,2012/8/26,230,4,1,4,5,5,5
4062,2012/8/26,77,3,12,3,4,1,4
4063,2012/8/26,267,6,11,4,5,4,3
4064,2012/8/26,165,2,13,4,5,5,5
4065,2012/8/26,128,7,4,5,5,5,4
4066,2012/8/26,321,3,6,4,5,4,5
4067,2012/8/27,376,8,10,5,5,4,4
4068,2012/8/27,422,7,10,5,3,1,4
4069,2012/8/27,46,5,7,2,4,5,5
4070,2012/8/27,463,8,12,3,5,3,3
4071,2012/8/28,312,8,6,5,3,5,4
4072,2012/8/28,146,9,9,5,5,2,4
4073,2012/8/28,190,10,8,4,5,5,3
4074,2012/8/28,271,10,4,5,3,4,4
4075,2012/8/28,162,8,11,3,5,2,3
4076,2012/8/28,177,7,10,5,4,4,5
4077,2012/8/28,478,7,7,5,3,3,3
4078,2012/8/28,61,7,11,5,4,4,5
4079,2012/8/29,166,7,7,5,5,2,5
4080,2012/8/29,333,7,8,5,4,3,5
4081,2012/8/30,433,7,6,5,5,1,5
4082,2012/8/30,441,3,9,3,4,3,3
4083,2012/8/30,42,8,10,5,5,1,3
4084,2012/8/30,485,2,7,4,4,3,5
4085,2012/8/30,361,7,4,4,5,5,4
4086,2012/8/30,18,6,3,4,5,5,4
4087,2012/8/30,145,7,8,3,3,4,5
4088,2012/8/31,413,1,5,5,4,1,4
4089,2012/8/31,74,8,6,5,5,3,3
4090,2012/8/31,189,3,3,4,3,5,4
4091,2012/8/31,314,3,9,4,3,4,5
4092,2012/8/31,3,3,12,1,5,1,4
4093,2012/8/31,76,8,9,3,3,1,5
4094,2012/8/31,177,7,7,5,3,4,3
4095,2012/9/1,436,6,10,5,4,4,3
4096,2012/9/1,162,6,10,3,3,2,4
4097,2012/9/1,172,8,14,4,3,3,3
4098,2012/9/1,256,7,12,3,3,4,5
4099,2012/9/1,383,8,8,4,3,1,5
4100,2012/9/1,471,1,10,3,4,3,4
4101,2012/9/2,280,7,5,4,4,4,3
4102,2012/9/2,376,5,8,5,3,4,5
4103,2012/9/2,419,5,3,1,3,5,5
4104,2012/9/2,476,1,9,5,3,1,3
4105,2012/9/2,461,6,11,1,3,5,4
4106,2012/9/2,141,8,8,3,3,3,3
4107,2012/9/3,123,3,11,4,4,5,5
4108,2012/9/3,54,7,6,5,3,5,3
4109,2012/9/3,428,3,10,4,4,1,3
4110,2012/9/3,348,7,2,4,5,4,5
4111,2012/9/3,51,6,13,3,3,4,5
4112,2012/9/4,151,10,9,5,3,2,3
4113,2012/9/4,50,3,10,5,5,4,2
4114,2012/9/4,27,7,11,1,3,5,4
4115,2012/9/4,443,5,8,4,3,1,5
4116,2012/9/4,262,5,4,4,5,4,5
4117,2012/9/4,133,3,5,3,5,5,5
4118,2012/9/5,195,6,6,5,5,4,4
4119,2012/9/5,264,8,4,5,3,4,5
4120,2012/9/5,207,5,8,4,4,3,4
4121,2012/9/5,436,8,12,5,5,5,3
4122,2012/9/5,284,3,10,5,5,1,5
4123,2012/9/6,255,7,10,5,3,5,4
4124,2012/9/6,273,3,9,4,5,5,4
4125,2012/9/6,307,7,10,5,4,3,3
4126,2012/9/6,403,7,11,5,4,5,4
4127,2012/9/7,384,7,11,5,3,1,5
4128,2012/9/7,291,6,10,4,4,1,3
4129,2012/9/7,295,6,7,5,3,4,5
4130,2012/9/7,499,8,11,5,3,3,4
4131,2012/9/7,320,7,8,5,4,4,5
4132,2012/9/7,89,8,3,1,3,2,3
4133,2012/9/8,142,6,16,5,3,5,4
4134,2012/9/8,436,3,7,5,5,5,3
4135,2012/9/8,371,5,13,5,5,3,3
4136,2012/9/8,303,8,7,3,5,5,5
4137,2012/9/9,122,8,6,5,3,3,4
4138,2012/9/9,145,10,7,3,4,4,5
4139,2012/9/10,411,6,10,3,5,1,5
4140,2012/9/11,29,3,7,4,5,5,5
4141,2012/9/11,408,10,1,5,5,4,5
4142,2012/9/11,386,8,12,3,5,1,4
4143,2012/9/11,365,8,10,1,5,5,5
4144,2012/9/12,51,7,10,3,4,4,5
4145,2012/9/12,176,7,12,4,5,4,5
4146,2012/9/12,217,6,8,4,3,5,5
4147,2012/9/12,219,1,11,4,3,2,5
4148,2012/9/12,379,3,10,4,3,5,3
4149,2012/9/12,5,3,13,5,4,5,3
4150,2012/9/13,194,8,10,3,3,2,5
4151,2012/9/13,51,8,6,3,4,4,3
4152,2012/9/13,94,2,5,4,5,3,3
4153,2012/9/13,225,3,13,4,5,4,5
4154,2012/9/13,492,7,11,5,5,3,4
4155,2012/9/13,176,8,7,4,4,4,5
4156,2012/9/13,93,8,9,5,5,3,4
4157,2012/9/13,418,8,5,4,5,1,3
4158,2012/9/14,386,3,3,3,3,1,5
4159,2012/9/14,329,6,8,3,4,2,5
4160,2012/9/14,64,7,10,3,3,4,4
4161,2012/9/14,111,8,6,1,5,3,5
4162,2012/9/14,331,8,5,4,4,5,3
4163,2012/9/14,496,2,9,5,4,5,3
4164,2012/9/15,49,8,8,5,3,4,5
4165,2012/9/15,413,2,14,4,5,1,3
4166,2012/9/15,489,7,13,1,5,5,4
4167,2012/9/15,300,10,6,3,5,1,5
4168,2012/9/15,355,3,7,4,5,1,3
4169,2012/9/15,125,7,9,4,3,3,3
4170,2012/9/15,70,3,7,1,5,5,4
4171,2012/9/16,69,7,5,5,4,4,4
4172,2012/9/16,372,7,15,4,4,5,5
4173,2012/9/16,54,5,7,5,3,5,3
4174,2012/9/16,336,2,8,4,3,5,5
4175,2012/9/16,54,6,9,5,4,4,5
4176,2012/9/16,144,7,14,5,4,3,4
4177,2012/9/16,208,3,10,5,5,1,3
4178,2012/9/16,421,3,9,3,5,1,5
4179,2012/9/16,250,10,4,4,5,4,4
4180,2012/9/17,321,6,11,4,5,4,5
4181,2012/9/17,157,7,16,5,3,2,3
4182,2012/9/17,103,8,9,4,3,5,4
4183,2012/9/17,356,8,8,5,4,4,2
4184,2012/9/17,121,1,9,2,4,3,5
4185,2012/9/18,421,9,3,2,5,1,4
4186,2012/9/18,485,9,5,5,4,3,3
4187,2012/9/18,190,10,5,4,4,5,4
4188,2012/9/19,232,7,3,4,3,5,3
4189,2012/9/19,232,4,8,4,4,5,4
4190,2012/9/19,300,2,10,3,3,1,5
4191,2012/9/19,431,8,9,5,4,3,4
4192,2012/9/19,118,5,8,5,3,5,4
4193,2012/9/19,312,9,8,5,3,5,5
4194,2012/9/20,300,3,5,3,5,1,3
4195,2012/9/21,375,3,10,5,3,1,3
4196,2012/9/21,33,3,10,5,4,3,3
4197,2012/9/21,170,3,4,4,5,3,5
4198,2012/9/21,376,3,9,5,3,4,3
4199,2012/9/21,298,7,8,1,4,4,5
4200,2012/9/21,498,8,12,1,4,5,5
4201,2012/9/21,497,5,8,1,3,5,3
4202,2012/9/21,466,7,11,5,5,5,4
4203,2012/9/21,124,7,8,4,4,3,3
4204,2012/9/21,314,9,11,4,5,3,3
4205,2012/9/22,418,3,7,4,5,1,5
4206,2012/9/22,346,3,10,5,5,5,3
4207,2012/9/22,320,7,13,5,4,4,5
4208,2012/9/22,463,8,4,3,4,3,3
4209,2012/9/22,116,5,7,5,5,3,5
4210,2012/9/23,320,1,5,5,5,4,4
4211,2012/9/23,118,8,9,5,4,5,5
4212,2012/9/23,459,6,8,4,4,2,3
4213,2012/9/23,94,6,11,4,3,3,5
4214,2012/9/23,27,4,9,3,4,5,5
4215,2012/9/23,22,7,12,2,5,5,5
4216,2012/9/24,476,6,15,5,5,1,5
4217,2012/9/24,88,3,7,3,4,3,4
4218,2012/9/24,208,3,11,5,4,1,4
4219,2012/9/24,136,3,10,4,3,5,3
4220,2012/9/24,346,6,11,5,3,4,4
4221,2012/9/25,403,8,5,5,3,5,5
4222,2012/9/25,300,8,12,3,3,1,4
4223,2012/9/25,304,6,10,4,5,5,5
4224,2012/9/25,221,1,10,4,4,5,5
4225,2012/9/25,170,6,8,4,4,3,4
4226,2012/9/25,219,8,3,4,5,2,4
4227,2012/9/25,146,7,8,5,5,2,4
4228,2012/9/25,86,8,4,5,3,4,4
4229,2012/9/25,340,6,10,5,4,4,4
4230,2012/9/25,460,7,12,1,5,3,5
4231,2012/9/26,398,7,8,2,3,4,3
4232,2012/9/26,221,8,5,4,5,5,5
4233,2012/9/26,339,6,9,4,3,3,5
4234,2012/9/26,151,3,2,5,5,2,3
4235,2012/9/26,194,6,12,3,3,2,3
4236,2012/9/27,157,3,13,5,4,2,4
4237,2012/9/27,254,6,10,4,5,1,3
4238,2012/9/27,99,6,14,4,4,3,3
4239,2012/9/27,181,9,4,3,3,4,4
4240,2012/9/27,348,6,11,4,3,4,5
4241,2012/9/27,471,3,3,3,5,3,4
4242,2012/9/27,373,1,6,1,4,3,3
4243,2012/9/27,86,7,9,5,5,4,3
4244,2012/9/27,50,9,13,5,4,4,5
4245,2012/9/27,152,4,10,3,5,4,5
4246,2012/9/28,85,2,5,4,3,4,3
4247,2012/9/28,284,8,7,4,5,1,3
4248,2012/9/28,486,2,16,5,5,3,3
4249,2012/9/28,369,3,5,3,5,1,5
4250,2012/9/28,344,3,16,5,4,4,5
4251,2012/9/28,23,7,5,1,3,4,5
4252,2012/9/29,485,6,11,4,5,4,3
4253,2012/9/29,403,6,10,5,3,5,3
4254,2012/9/29,77,8,13,3,5,1,4
4255,2012/9/29,14,6,8,2,3,5,3
4256,2012/9/29,355,6,12,4,5,1,4
4257,2012/9/29,33,8,6,5,3,3,5
4258,2012/9/29,148,7,12,5,5,2,4
4259,2012/9/30,199,7,12,4,4,5,5
4260,2012/9/30,237,8,6,4,3,1,3
4261,2012/9/30,171,2,7,3,3,5,4
4262,2012/9/30,120,2,14,3,3,5,3
4263,2012/10/1,95,4,8,5,4,3,5
4264,2012/10/1,229,7,6,4,3,5,4
4265,2012/10/1,332,1,7,1,4,4,5
4266,2012/10/1,207,3,9,5,4,3,4
4267,2012/10/1,175,6,10,4,4,5,5
4268,2012/10/1,295,7,10,1,4,5,5
4269,2012/10/2,218,7,6,3,4,3,5
4270,2012/10/2,290,1,13,3,4,4,5
4271,2012/10/2,211,2,11,4,5,4,5
4272,2012/10/2,304,4,8,5,5,5,4
4273,2012/10/2,417,7,6,5,4,1,5
4274,2012/10/2,276,8,8,1,4,5,5
4275,2012/10/2,216,3,8,4,5,5,5
4276,2012/10/3,269,8,7,5,4,5,4
4277,2012/10/3,495,1,9,5,3,5,5
4278,2012/10/3,412,1,7,5,4,3,4
4279,2012/10/3,370,8,4,4,5,1,4
4280,2012/10/4,119,1,8,5,4,4,3
4281,2012/10/4,151,8,10,5,4,2,5
4282,2012/10/4,372,3,11,4,3,5,5
4283,2012/10/4,86,3,10,5,4,4,5
4284,2012/10/4,66,7,7,5,3,3,3
4285,2012/10/4,49,8,15,5,3,4,5
4286,2012/10/4,330,3,4,4,3,2,4
4287,2012/10/4,81,5,4,5,5,1,4
4288,2012/10/4,30,3,17,4,4,5,5
4289,2012/10/5,328,4,11,5,3,4,4
4290,2012/10/5,488,8,4,1,5,3,4
4291,2012/10/5,126,9,4,2,5,5,3
4292,2012/10/6,264,7,12,5,4,4,5
4293,2012/10/6,241,6,7,4,3,5,5
4294,2012/10/6,247,3,6,3,3,4,4
4295,2012/10/6,333,1,13,5,3,4,4
4296,2012/10/7,253,8,3,3,4,3,3
4297,2012/10/7,236,8,9,3,5,5,5
4298,2012/10/7,483,6,8,5,5,4,3
4299,2012/10/7,146,7,8,5,5,2,5
4300,2012/10/7,213,8,10,3,5,4,3
4301,2012/10/8,292,1,10,5,4,4,5
4302,2012/10/8,128,6,9,5,5,5,5
4303,2012/10/8,402,8,9,1,3,4,4
4304,2012/10/8,456,2,2,5,4,4,3
4305,2012/10/8,160,3,3,3,3,5,3
4306,2012/10/8,12,6,12,1,5,3,3
4307,2012/10/9,130,2,8,2,4,3,3
4308,2012/10/9,139,7,8,3,5,3,3
4309,2012/10/9,103,7,6,3,4,5,5
4310,2012/10/9,160,3,5,3,4,5,5
4311,2012/10/9,454,7,13,5,3,4,4
4312,2012/10/9,485,8,9,4,4,3,5
4313,2012/10/9,229,10,15,4,4,4,5
4314,2012/10/9,17,4,9,2,3,1,5
4315,2012/10/9,255,1,4,1,4,4,4
4316,2012/10/9,483,6,9,5,4,4,3
4317,2012/10/9,456,6,8,4,5,4,3
4318,2012/10/9,267,9,10,4,3,4,5
4319,2012/10/10,471,6,10,3,4,3,5
4320,2012/10/10,471,7,9,3,3,3,3
4321,2012/10/10,60,1,13,3,4,3,5
4322,2012/10/10,292,7,7,4,4,4,5
4323,2012/10/11,221,8,7,4,3,5,3
4324,2012/10/11,428,3,12,4,5,1,4
4325,2012/10/11,455,5,8,1,4,5,3
4326,2012/10/12,251,7,6,4,4,4,4
4327,2012/10/12,12,6,13,1,3,4,3
4328,2012/10/12,239,7,7,3,4,1,5
4329,2012/10/12,387,5,9,5,5,1,5
4330,2012/10/12,92,3,11,1,5,3,5
4331,2012/10/12,386,10,2,3,5,1,5
4332,2012/10/12,485,7,7,4,3,3,5
4333,2012/10/13,272,8,11,3,3,5,5
4334,2012/10/13,336,3,11,4,4,5,5
4335,2012/10/13,208,7,6,5,5,1,3
4336,2012/10/13,117,7,10,2,5,4,4
4337,2012/10/13,496,6,10,5,4,5,4
4338,2012/10/13,322,2,6,5,3,5,3
4339,2012/10/13,249,7,7,5,4,3,5
4340,2012/10/13,103,3,6,4,3,5,5
4341,2012/10/14,325,3,3,5,5,5,5
4342,2012/10/14,496,2,11,5,4,4,5
4343,2012/10/14,160,7,8,4,4,5,5
4344,2012/10/14,333,3,11,5,4,3,4
4345,2012/10/15,482,2,8,5,5,1,4
4346,2012/10/15,284,3,11,5,4,1,4
4347,2012/10/15,148,6,3,5,5,2,5
4348,2012/10/15,392,3,6,1,4,5,5
4349,2012/10/15,122,7,10,5,3,3,4
4350,2012/10/15,144,3,2,5,4,3,4
4351,2012/10/16,129,6,9,4,4,2,5
4352,2012/10/16,25,3,3,2,5,3,4
4353,2012/10/16,312,8,12,5,5,5,5
4354,2012/10/16,455,8,3,1,4,5,5
4355,2012/10/16,483,2,5,5,5,4,5
4356,2012/10/16,356,9,2,5,4,4,5
4357,2012/10/16,49,7,11,5,3,4,4
4358,2012/10/16,50,3,10,3,4,4,5
4359,2012/10/17,484,7,7,5,4,3,4
4360,2012/10/17,265,9,11,1,5,3,4
4361,2012/10/17,200,3,7,3,5,4,4
4362,2012/10/17,414,5,12,4,4,3,5
4363,2012/10/18,397,8,4,5,3,4,5
4364,2012/10/18,277,8,12,5,3,5,4
4365,2012/10/18,291,8,13,4,5,1,5
4366,2012/10/18,162,3,9,3,5,2,5
4367,2012/10/18,19,7,11,1,5,5,5
4368,2012/10/18,148,4,7,5,3,2,5
4369,2012/10/18,298,7,10,1,4,4,3
4370,2012/10/19,217,3,8,4,3,5,5
4371,2012/10/19,173,6,7,5,4,2,4
4372,2012/10/19,487,3,1,5,5,5,5
4373,2012/10/19,280,7,8,4,5,4,5
4374,2012/10/19,100,8,11,4,3,1,3
4375,2012/10/19,66,7,9,5,5,4,5
4376,2012/10/20,53,7,10,3,4,4,5
4377,2012/10/20,190,6,10,4,4,5,4
4378,2012/10/20,417,5,9,5,3,1,4
4379,2012/10/20,158,7,10,3,4,5,4
4380,2012/10/20,424,1,10,3,3,3,5
4381,2012/10/21,331,7,9,3,4,5,3
4382,2012/10/21,207,6,8,5,3,3,4
4383,2012/10/21,416,7,7,4,5,3,5
4384,2012/10/21,181,6,6,2,4,4,5
4385,2012/10/22,237,4,8,4,5,1,5
4386,2012/10/22,118,8,9,5,5,5,3
4387,2012/10/22,113,10,6,3,3,5,3
4388,2012/10/22,95,7,8,5,3,3,3
4389,2012/10/23,79,7,4,2,4,2,4
4390,2012/10/23,104,8,9,2,4,2,4
4391,2012/10/23,52,6,5,1,5,4,4
4392,2012/10/23,34,7,12,2,3,5,5
4393,2012/10/23,169,7,6,4,4,4,5
4394,2012/10/23,95,8,6,5,5,4,5
4395,2012/10/23,355,7,5,4,3,1,4
4396,2012/10/24,146,1,8,5,5,2,3
4397,2012/10/24,291,9,6,4,4,1,5
4398,2012/10/24,355,6,9,4,5,1,5
4399,2012/10/24,208,8,9,5,5,1,5
4400,2012/10/24,179,8,12,4,5,2,4
4401,2012/10/24,16,8,3,2,5,1,3
4402,2012/10/24,456,8,11,5,4,5,5
4403,2012/10/25,204,3,13,3,5,5,3
4404,2012/10/25,4,8,9,4,3,4,3
4405,2012/10/25,454,8,13,5,3,3,5
4406,2012/10/26,172,3,7,4,4,3,4
4407,2012/10/26,205,6,11,5,3,5,4
4408,2012/10/26,177,9,10,5,5,4,4
4409,2012/10/26,405,3,7,3,4,1,5
4410,2012/10/26,460,7,11,1,5,3,5
4411,2012/10/26,271,8,9,5,4,4,5
4412,2012/10/26,85,8,7,3,5,4,4
4413,2012/10/27,182,8,9,5,3,4,4
4414,2012/10/27,194,9,11,3,5,2,5
4415,2012/10/27,169,6,9,4,4,4,4
4416,2012/10/27,66,2,4,5,3,3,3
4417,2012/10/28,99,8,12,4,4,3,3
4418,2012/10/28,188,5,14,4,4,5,4
4419,2012/10/28,15,7,10,2,4,4,4
4420,2012/10/28,31,3,6,5,3,1,4
4421,2012/10/29,439,8,9,4,4,1,3
4422,2012/10/29,348,8,4,5,3,4,4
4423,2012/10/29,471,3,6,3,4,3,5
4424,2012/10/29,403,8,11,5,5,5,5
4425,2012/10/30,365,4,9,2,3,5,5
4426,2012/10/30,44,8,6,3,5,1,5
4427,2012/10/30,152,2,9,2,5,4,5
4428,2012/10/30,42,7,2,5,4,1,5
4429,2012/10/30,70,7,6,3,5,5,5
4430,2012/10/30,189,7,9,4,5,5,3
4431,2012/10/31,65,8,10,3,5,4,4
4432,2012/10/31,344,6,8,5,3,4,4
4433,2012/10/31,179,6,8,4,5,2,5
4434,2012/10/31,119,2,7,5,3,4,3
4435,2012/11/1,348,6,11,5,5,4,5
4436,2012/11/1,269,6,7,5,3,5,4
4437,2012/11/1,150,7,2,3,3,3,4
4438,2012/11/1,425,9,4,1,3,4,5
4439,2012/11/1,59,1,13,3,3,5,4
4440,2012/11/1,376,1,0,5,5,4,3
4441,2012/11/1,221,2,9,5,4,5,3
4442,2012/11/1,208,8,11,5,5,1,5
4443,2012/11/2,248,1,9,5,4,5,5
4444,2012/11/2,262,8,6,4,5,3,5
4445,2012/11/2,136,3,10,4,5,5,3
4446,2012/11/2,416,6,4,4,5,3,3
4447,2012/11/3,174,7,5,4,3,5,3
4448,2012/11/3,451,7,4,1,3,5,5
4449,2012/11/3,191,7,4,4,5,4,3
4450,2012/11/3,336,7,5,4,3,4,3
4451,2012/11/3,298,2,6,2,5,4,3
4452,2012/11/3,463,6,7,3,5,3,5
4453,2012/11/3,344,1,5,5,3,4,3
4454,2012/11/4,261,3,11,4,3,4,3
4455,2012/11/4,464,7,4,2,5,3,5
4456,2012/11/4,355,8,12,4,3,1,3
4457,2012/11/4,436,3,7,5,5,5,5
4458,2012/11/4,436,3,5,5,5,5,3
4459,2012/11/5,389,8,9,5,4,4,5
4460,2012/11/5,291,3,10,4,5,1,3
4461,2012/11/5,237,8,8,4,3,1,5
4462,2012/11/5,443,5,6,3,3,1,5
4463,2012/11/5,356,10,11,5,3,4,3
4464,2012/11/5,20,7,10,1,4,5,4
4465,2012/11/6,386,7,11,3,3,1,5
4466,2012/11/6,471,5,11,3,4,3,4
4467,2012/11/6,315,8,3,4,5,5,5
4468,2012/11/6,272,6,14,3,3,5,5
4469,2012/11/6,499,8,4,5,3,3,3
4470,2012/11/6,88,8,10,3,3,3,3
4471,2012/11/6,53,8,8,3,3,4,4
4472,2012/11/7,444,7,12,5,4,3,3
4473,2012/11/7,328,8,7,5,5,5,4
4474,2012/11/8,203,10,11,4,3,4,4
4475,2012/11/8,39,8,8,2,5,5,4
4476,2012/11/8,241,7,7,4,4,5,5
4477,2012/11/8,469,1,7,5,3,4,3
4478,2012/11/8,148,8,7,5,3,2,3
4479,2012/11/8,169,7,6,4,5,4,5
4480,2012/11/8,237,8,6,4,4,1,3
4481,2012/11/9,417,8,8,5,3,1,4
4482,2012/11/9,5,6,8,5,5,5,3
4483,2012/11/9,271,7,8,5,4,4,4
4484,2012/11/9,99,3,10,4,4,3,3
4485,2012/11/9,344,4,9,5,5,4,5
4486,2012/11/10,329,2,10,3,3,2,5
4487,2012/11/10,183,2,3,4,4,4,5
4488,2012/11/10,28,7,12,5,3,4,5
4489,2012/11/10,114,8,13,3,5,5,4
4490,2012/11/11,219,9,4,4,5,2,3
4491,2012/11/11,364,3,4,4,4,5,5
4492,2012/11/11,122,10,5,5,3,3,3
4493,2012/11/11,231,8,9,4,5,4,4
4494,2012/11/11,166,8,11,5,5,2,4
4495,2012/11/11,323,3,8,5,5,3,4
4496,2012/11/11,168,5,8,4,5,5,3
4497,2012/11/12,342,3,7,4,5,4,5
4498,2012/11/12,97,9,6,3,3,1,4
4499,2012/11/12,17,3,8,2,4,1,3
4500,2012/11/13,404,1,5,4,5,3,5
4501,2012/11/13,463,10,5,3,5,3,3
4502,2012/11/14,405,10,17,3,5,1,5
4503,2012/11/14,120,2,5,3,5,5,5
4504,2012/11/14,387,6,13,5,3,2,4
4505,2012/11/15,495,8,7,5,5,5,5
4506,2012/11/15,287,4,8,5,3,4,5
4507,2012/11/15,291,6,8,5,5,1,5
4508,2012/11/15,195,4,9,5,3,4,3
4509,2012/11/15,291,7,13,4,5,1,4
4510,2012/11/15,207,1,9,5,5,4,3
4511,2012/11/15,346,10,10,5,5,5,5
4512,2012/11/15,497,9,9,1,5,5,4
4513,2012/11/15,251,8,7,4,3,4,4
4514,2012/11/16,386,3,9,3,3,1,5
4515,2012/11/16,166,3,6,5,5,2,3
4516,2012/11/16,16,2,3,2,5,1,4
4517,2012/11/16,315,2,13,5,4,5,4
4518,2012/11/16,50,3,10,4,5,4,5
4519,2012/11/16,249,6,12,5,4,3,4
4520,2012/11/16,190,9,8,4,3,5,5
4521,2012/11/16,202,7,9,4,4,4,3
4522,2012/11/16,96,1,5,5,5,5,3
4523,2012/11/16,79,6,9,1,4,2,4
4524,2012/11/17,182,3,17,5,4,4,4
4525,2012/11/17,322,6,1,5,4,5,3
4526,2012/11/17,497,7,13,1,5,5,3
4527,2012/11/17,101,6,8,5,5,3,4
4528,2012/11/17,417,1,8,5,5,1,5
4529,2012/11/18,291,7,4,4,4,1,5
4530,2012/11/18,334,7,4,2,3,5,4
4531,2012/11/18,68,1,11,3,5,1,5
4532,2012/11/18,444,3,9,4,5,3,5
4533,2012/11/18,329,3,7,2,3,2,5
4534,2012/11/18,139,7,13,3,3,3,3
4535,2012/11/18,62,4,19,3,5,3,5
4536,2012/11/19,245,2,10,4,3,4,5
4537,2012/11/19,53,5,7,3,4,4,4
4538,2012/11/20,44,6,4,2,4,1,3
4539,2012/11/20,363,4,10,3,5,5,4
4540,2012/11/20,187,3,7,4,4,3,4
4541,2012/11/20,19,7,3,2,5,5,3
4542,2012/11/20,421,3,8,2,4,1,5
4543,2012/11/20,350,7,14,2,5,3,5
4544,2012/11/21,400,4,11,4,5,4,4
4545,2012/11/22,244,3,8,4,5,4,5
4546,2012/11/22,463,7,15,3,5,3,3
4547,2012/11/22,49,6,6,5,3,5,4
4548,2012/11/23,190,6,9,4,5,5,4
4549,2012/11/23,452,1,9,4,3,3,5
4550,2012/11/23,157,3,4,5,3,2,4
4551,2012/11/23,234,2,8,5,4,3,5
4552,2012/11/23,272,8,9,5,5,5,4
4553,2012/11/23,83,4,9,3,4,5,3
4554,2012/11/23,41,7,12,3,5,5,5
4555,2012/11/24,238,10,8,3,5,4,3
4556,2012/11/24,166,8,13,5,3,2,4
4557,2012/11/24,106,5,7,2,3,3,3
4558,2012/11/24,431,7,11,5,4,3,4
4559,2012/11/25,323,7,7,5,5,3,4
4560,2012/11/25,30,6,6,4,3,5,3
4561,2012/11/25,80,8,4,1,3,4,3
4562,2012/11/25,282,8,10,4,3,5,3
4563,2012/11/25,289,3,9,4,5,5,5
4564,2012/11/26,61,10,8,4,4,5,5
4565,2012/11/26,217,8,5,4,3,5,5
4566,2012/11/26,63,10,6,1,3,4,3
4567,2012/11/26,188,8,6,4,4,5,3
4568,2012/11/26,271,3,6,5,4,4,5
4569,2012/11/26,466,5,5,5,5,4,3
4570,2012/11/26,330,7,12,4,5,2,5
4571,2012/11/26,307,8,7,5,3,3,4
4572,2012/11/26,172,3,6,4,5,3,4
4573,2012/11/26,428,2,9,4,3,1,4
4574,2012/11/26,122,5,7,5,3,3,4
4575,2012/11/26,278,10,12,4,5,5,3
4576,2012/11/26,291,3,11,4,5,1,5
4577,2012/11/27,31,7,5,5,3,1,3
4578,2012/11/27,476,8,6,5,3,1,4
4579,2012/11/27,488,5,11,1,5,3,5
4580,2012/11/27,485,10,13,4,5,3,4
4581,2012/11/27,289,1,8,4,4,5,3
4582,2012/11/27,69,6,12,5,5,3,5
4583,2012/11/27,159,10,10,3,5,4,3
4584,2012/11/27,310,7,6,5,4,5,4
4585,2012/11/28,219,3,13,4,4,2,3
4586,2012/11/28,293,3,10,5,4,3,5
4587,2012/11/28,251,3,11,4,3,4,4
4588,2012/11/28,333,3,5,4,3,3,3
4589,2012/11/28,4,8,9,4,3,4,4
4590,2012/11/29,102,3,11,4,5,1,4
4591,2012/11/29,64,7,4,3,3,4,5
4592,2012/11/29,399,7,8,4,5,3,5
4593,2012/11/29,127,3,9,2,4,3,3
4594,2012/11/29,311,8,14,5,5,3,3
4595,2012/11/29,199,7,8,4,3,5,5
4596,2012/11/30,316,3,7,1,4,5,4
4597,2012/11/30,62,3,11,3,5,3,4
4598,2012/11/30,469,8,10,5,3,4,3
4599,2012/11/30,251,3,7,4,3,4,4
4600,2012/11/30,338,8,9,4,4,2,3
4601,2012/11/30,195,7,11,5,5,4,5
4602,2012/11/30,267,7,12,5,4,4,5
4603,2012/11/30,385,3,11,4,5,5,4
4604,2012/11/30,496,7,8,5,4,5,4
4605,2012/11/30,105,4,8,4,3,4,3
4606,2012/11/30,190,3,10,2,3,5,5
4607,2012/12/1,182,9,11,5,5,4,4
4608,2012/12/2,125,7,4,4,3,3,3
4609,2012/12/2,306,8,9,3,3,4,5
4610,2012/12/2,405,7,10,3,4,1,4
4611,2012/12/2,393,4,9,4,5,5,3
4612,2012/12/2,156,8,8,2,5,5,5
4613,2012/12/3,185,3,10,4,5,3,5
4614,2012/12/3,441,5,3,5,3,3,3
4615,2012/12/3,3,7,7,1,5,1,4
4616,2012/12/3,4,3,3,5,4,4,4
4617,2012/12/3,153,7,4,4,5,3,4
4618,2012/12/3,356,3,8,4,5,4,5
4619,2012/12/3,228,4,10,1,5,4,4
4620,2012/12/4,125,3,6,4,4,3,3
4621,2012/12/4,281,9,7,4,3,3,5
4622,2012/12/4,375,8,8,5,5,1,5
4623,2012/12/4,350,4,15,2,5,3,3
4624,2012/12/4,77,5,15,3,3,1,3
4625,2012/12/5,25,7,9,2,5,5,5
4626,2012/12/5,428,4,12,4,5,1,3
4627,2012/12/5,50,10,5,4,4,4,5
4628,2012/12/5,160,7,9,3,4,5,4
4629,2012/12/5,145,5,7,3,5,4,5
4630,2012/12/5,166,6,6,5,3,2,5
4631,2012/12/6,452,7,4,4,3,3,4
4632,2012/12/6,463,8,11,3,3,3,4
4633,2012/12/6,331,7,15,3,3,5,5
4634,2012/12/6,243,5,6,5,5,4,4
4635,2012/12/6,59,1,12,3,4,5,5
4636,2012/12/6,397,9,16,5,3,3,3
4637,2012/12/7,464,8,9,3,3,3,4
4638,2012/12/7,493,4,6,1,3,5,5
4639,2012/12/7,64,10,7,3,3,4,4
4640,2012/12/8,31,8,9,5,4,1,4
4641,2012/12/8,370,8,9,4,4,1,5
4642,2012/12/8,30,2,5,4,4,5,5
4643,2012/12/8,89,8,8,1,4,2,5
4644,2012/12/8,351,4,13,5,5,3,4
4645,2012/12/9,325,5,10,5,3,5,4
4646,2012/12/9,129,8,12,4,3,2,4
4647,2012/12/9,195,8,8,4,4,4,5
4648,2012/12/9,191,9,11,4,5,4,3
4649,2012/12/9,1,3,5,5,4,4,4
4650,2012/12/9,1,5,5,4,5,4,3
4651,2012/12/9,485,3,8,4,3,3,4
4652,2012/12/9,4,5,9,4,5,4,5
4653,2012/12/10,4,7,13,5,4,4,3
4654,2012/12/10,132,7,10,1,3,4,4
4655,2012/12/10,162,8,3,3,3,2,5
4656,2012/12/10,244,7,3,4,4,4,3
4657,2012/12/11,64,1,11,3,5,4,5
4658,2012/12/11,409,8,10,4,5,2,1
4659,2012/12/11,192,3,6,3,4,5,3
4660,2012/12/12,433,3,15,5,4,1,4
4661,2012/12/12,65,6,13,3,5,4,5
4662,2012/12/12,471,3,10,3,5,3,3
4663,2012/12/12,166,9,7,5,5,2,4
4664,2012/12/12,300,8,10,3,3,1,3
4665,2012/12/12,33,8,5,4,5,4,5
4666,2012/12/12,408,8,8,5,5,4,4
4667,2012/12/13,496,8,8,5,4,5,3
4668,2012/12/13,495,3,10,5,5,5,4
4669,2012/12/13,252,7,4,5,3,1,3
4670,2012/12/13,405,4,7,3,4,1,3
4671,2012/12/13,383,3,11,4,5,1,3
4672,2012/12/14,254,7,12,4,5,1,5
4673,2012/12/14,82,3,12,3,3,4,3
4674,2012/12/14,377,3,7,2,3,1,3
4675,2012/12/14,105,8,8,3,4,4,4
4676,2012/12/14,105,7,9,4,5,4,3
4677,2012/12/14,226,1,12,4,4,3,5
4678,2012/12/14,238,8,10,4,5,4,5
4679,2012/12/14,118,3,9,5,5,5,3
4680,2012/12/14,344,7,12,5,3,4,4
4681,2012/12/14,460,2,5,2,4,3,4
4682,2012/12/15,264,5,6,3,3,4,5
4683,2012/12/15,38,10,11,2,5,3,4
4684,2012/12/15,48,8,6,1,3,1,3
4685,2012/12/15,94,10,7,4,3,3,5
4686,2012/12/15,270,7,8,5,5,4,5
4687,2012/12/15,434,3,6,1,5,5,4
4688,2012/12/16,223,7,6,5,3,5,5
4689,2012/12/16,183,7,8,4,3,4,5
4690,2012/12/16,41,7,10,3,5,5,4
4691,2012/12/17,333,9,12,5,3,3,4
4692,2012/12/17,370,3,9,4,4,1,3
4693,2012/12/17,252,9,11,5,4,1,5
4694,2012/12/17,236,7,7,4,3,5,4
4695,2012/12/17,350,6,13,2,3,4,5
4696,2012/12/17,147,4,4,3,5,4,5
4697,2012/12/17,36,2,9,3,4,3,5
4698,2012/12/17,187,3,8,5,3,3,4
4699,2012/12/17,65,2,5,2,4,4,5
4700,2012/12/18,313,3,5,3,5,3,4
4701,2012/12/18,41,6,7,3,3,5,4
4702,2012/12/18,340,3,11,5,3,4,4
4703,2012/12/18,49,10,8,5,3,4,5
4704,2012/12/18,201,8,8,4,4,5,3
4705,2012/12/18,384,5,7,5,5,1,5
4706,2012/12/18,246,2,5,5,5,4,3
4707,2012/12/19,174,1,11,4,5,5,5
4708,2012/12/19,345,8,3,5,4,5,3
4709,2012/12/19,229,4,9,4,4,5,5
4710,2012/12/19,341,3,12,5,3,4,3
4711,2012/12/19,107,9,9,5,4,3,3
4712,2012/12/19,66,10,12,5,5,3,5
4713,2012/12/19,304,4,9,5,4,5,3
4714,2012/12/19,446,6,7,1,3,5,5
4715,2012/12/19,86,6,12,5,4,4,5
4716,2012/12/19,217,3,9,4,4,5,4
4717,2012/12/19,280,2,14,5,4,4,3
4718,2012/12/19,201,6,9,4,3,5,3
4719,2012/12/19,53,6,9,1,4,4,3
4720,2012/12/19,151,6,11,5,5,2,3
4721,2012/12/20,18,3,7,2,5,5,3
4722,2012/12/20,382,3,12,4,3,3,5
4723,2012/12/20,283,5,9,4,5,5,3
4724,2012/12/20,88,4,7,3,5,4,4
4725,2012/12/20,458,4,13,2,4,1,3
4726,2012/12/20,300,9,5,4,3,1,5
4727,2012/12/20,219,10,12,4,4,2,5
4728,2012/12/20,440,3,8,5,5,3,5
4729,2012/12/20,153,7,11,4,5,3,4
4730,2012/12/21,259,8,10,3,5,5,5
4731,2012/12/21,338,3,8,4,3,2,5
4732,2012/12/21,258,5,12,5,5,5,4
4733,2012/12/21,234,1,9,4,5,3,3
4734,2012/12/21,219,10,13,4,4,2,4
4735,2012/12/22,424,7,11,3,4,3,5
4736,2012/12/22,392,5,12,1,5,5,3
4737,2012/12/22,298,7,8,1,3,4,5
4738,2012/12/22,200,3,9,3,5,4,4
4739,2012/12/22,232,8,7,4,4,5,4
4740,2012/12/22,386,7,9,3,3,1,4
4741,2012/12/22,4,7,7,4,3,4,5
4742,2012/12/22,57,4,10,1,5,5,3
4743,2012/12/23,443,7,8,3,5,1,4
4744,2012/12/23,171,8,3,4,4,5,5
4745,2012/12/23,386,7,4,3,5,1,4
4746,2012/12/23,113,7,6,3,3,5,4
4747,2012/12/23,122,1,9,4,5,3,4
4748,2012/12/23,356,8,10,5,4,4,5
4749,2012/12/24,131,6,8,1,4,4,4
4750,2012/12/24,355,8,3,4,5,1,3
4751,2012/12/24,358,8,14,3,4,4,3
4752,2012/12/24,119,2,4,5,4,4,5
4753,2012/12/24,380,6,8,4,5,5,5
4754,2012/12/25,125,3,10,4,3,3,5
4755,2012/12/25,77,4,10,2,3,1,4
4756,2012/12/25,106,1,8,2,5,3,4
4757,2012/12/25,273,8,7,5,3,4,5
4758,2012/12/25,43,7,5,3,5,4,5
4759,2012/12/25,71,8,8,2,3,1,4
4760,2012/12/26,257,7,6,3,4,4,4
4761,2012/12/26,277,8,14,5,4,5,3
4762,2012/12/26,74,8,7,5,4,3,3
4763,2012/12/26,81,2,4,5,4,1,3
4764,2012/12/26,128,5,8,5,3,5,3
4765,2012/12/26,60,9,11,3,5,3,5
4766,2012/12/26,476,8,7,5,3,1,5
4767,2012/12/27,326,6,3,2,4,2,5
4768,2012/12/27,9,8,15,3,3,1,5
4769,2012/12/27,424,1,12,3,3,3,5
4770,2012/12/27,53,10,13,1,5,4,5
4771,2012/12/27,417,7,13,5,3,1,5
4772,2012/12/27,451,4,7,1,3,5,4
4773,2012/12/27,50,6,8,5,4,4,5
4774,2012/12/28,14,7,4,1,3,5,5
4775,2012/12/28,397,1,10,5,5,4,5
4776,2012/12/28,496,9,10,5,5,5,5
4777,2012/12/28,137,7,7,2,5,5,3
4778,2012/12/28,99,3,12,4,4,3,5
4779,2012/12/29,204,4,8,3,5,5,4
4780,2012/12/29,219,4,11,4,3,2,5
4781,2012/12/29,40,1,8,1,3,3,4
4782,2012/12/29,173,7,8,4,4,2,4
4783,2012/12/30,143,1,8,4,4,5,3
4784,2012/12/30,387,3,12,5,5,1,3
4785,2012/12/30,146,7,8,4,5,2,4
4786,2012/12/30,234,7,7,5,5,3,3
4787,2012/12/31,157,8,5,5,4,2,5
4788,2012/12/31,325,7,9,5,5,5,3
4789,2012/12/31,108,6,7,2,5,2,5
4790,2012/12/31,345,10,9,5,4,5,4
4791,2012/12/31,375,8,1,4,5,1,4
4792,2012/12/31,320,3,6,4,4,4,5
4793,2012/12/31,377,6,10,2,5,1,4
4794,2013/1/1,349,6,7,5,5,5,4
4795,2013/1/1,303,1,10,2,3,4,3
4796,2013/1/1,111,5,3,1,5,4,3
4797,2013/1/1,77,3,11,3,5,1,4
4798,2013/1/2,66,1,5,5,3,3,4
4799,2013/1/2,25,9,8,2,4,3,5
4800,2013/1/3,367,8,7,2,4,5,5
4801,2013/1/3,434,3,3,1,4,5,4
4802,2013/1/3,443,3,7,3,5,1,3
4803,2013/1/3,71,10,3,2,3,1,3
4804,2013/1/3,123,6,7,5,4,5,5
4805,2013/1/3,205,8,1,4,5,5,4
4806,2013/1/3,355,6,11,4,4,1,3
4807,2013/1/3,135,3,12,4,4,4,5
4808,2013/1/3,100,3,4,4,4,1,4
4809,2013/1/4,66,8,3,5,3,3,4
4810,2013/1/4,1,6,12,5,4,4,5
4811,2013/1/5,184,1,14,4,5,5,5
4812,2013/1/5,436,7,10,5,3,5,5
4813,2013/1/5,229,8,7,3,3,5,4
4814,2013/1/5,118,6,10,5,3,5,4
4815,2013/1/5,144,8,3,5,3,3,3
4816,2013/1/5,168,1,5,4,4,5,3
4817,2013/1/5,310,9,14,5,4,5,3
4818,2013/1/5,435,3,7,3,3,1,5
4819,2013/1/6,365,8,5,2,3,5,4
4820,2013/1/6,41,3,12,3,3,5,4
4821,2013/1/6,205,1,5,3,5,5,5
4822,2013/1/6,86,8,7,4,5,4,3
4823,2013/1/6,53,7,10,3,3,4,5
4824,2013/1/7,479,8,12,2,5,4,3
4825,2013/1/7,500,6,6,1,4,5,5
4826,2013/1/7,65,9,6,2,3,4,5
4827,2013/1/8,146,8,3,5,5,2,5
4828,2013/1/8,288,3,11,5,5,5,4
4829,2013/1/8,170,8,8,4,5,3,5
4830,2013/1/8,453,7,7,3,4,5,3
4831,2013/1/9,242,7,8,4,4,4,3
4832,2013/1/9,424,7,10,3,4,3,4
4833,2013/1/9,66,8,10,5,4,3,3
4834,2013/1/9,182,9,5,5,5,4,4
4835,2013/1/9,239,4,5,3,3,1,5
4836,2013/1/9,398,8,4,2,5,4,3
4837,2013/1/10,111,3,8,1,3,3,5
4838,2013/1/10,239,7,1,1,3,1,5
4839,2013/1/10,315,3,11,5,4,5,5
4840,2013/1/11,163,7,7,3,3,5,4
4841,2013/1/11,260,9,7,3,3,3,5
4842,2013/1/11,186,7,12,4,5,5,5
4843,2013/1/11,97,8,5,3,4,1,4
4844,2013/1/11,34,6,12,2,4,5,4
4845,2013/1/12,248,3,15,5,4,5,3
4846,2013/1/12,164,7,10,3,4,5,5
4847,2013/1/12,81,8,6,5,4,1,5
4848,2013/1/12,491,8,10,4,5,5,4
4849,2013/1/13,388,4,9,4,3,5,3
4850,2013/1/13,221,6,13,1,5,5,4
4851,2013/1/13,449,5,6,4,4,3,5
4852,2013/1/13,439,10,7,4,3,1,4
4853,2013/1/13,133,3,9,3,4,5,3
4854,2013/1/13,252,7,11,5,3,1,4
4855,2013/1/14,151,9,11,4,3,2,5
4856,2013/1/14,242,3,11,3,4,3,4
4857,2013/1/14,274,10,7,5,4,5,5
4858,2013/1/14,467,7,11,4,3,3,5
4859,2013/1/14,32,1,6,1,3,5,4
4860,2013/1/14,129,7,15,4,3,2,5
4861,2013/1/14,53,7,11,3,5,4,4
4862,2013/1/14,123,8,10,4,3,5,5
4863,2013/1/14,146,7,7,5,3,2,3
4864,2013/1/15,274,8,11,5,4,5,5
4865,2013/1/15,215,3,4,4,5,5,3
4866,2013/1/15,424,3,4,3,5,3,3
4867,2013/1/15,170,3,9,3,3,3,4
4868,2013/1/15,155,8,9,3,3,3,3
4869,2013/1/15,255,3,6,4,4,5,5
4870,2013/1/15,340,7,8,5,3,4,5
4871,2013/1/15,40,7,9,2,5,3,5
4872,2013/1/16,5,7,4,5,4,5,4
4873,2013/1/16,384,3,8,5,4,2,3
4874,2013/1/16,279,6,5,3,5,5,4
4875,2013/1/16,179,3,11,4,3,2,4
4876,2013/1/16,427,8,8,1,5,3,4
4877,2013/1/16,476,10,3,5,4,1,3
4878,2013/1/16,301,6,8,4,3,4,3
4879,2013/1/16,105,7,9,4,4,4,5
4880,2013/1/17,23,1,11,1,4,4,5
4881,2013/1/17,13,7,7,1,5,4,5
4882,2013/1/17,350,3,13,1,4,3,5
4883,2013/1/17,59,7,8,3,4,5,5
4884,2013/1/17,94,2,7,4,3,3,5
4885,2013/1/17,290,3,4,3,5,4,5
4886,2013/1/17,203,6,9,5,5,4,5
4887,2013/1/17,484,2,4,5,4,3,3
4888,2013/1/17,247,7,10,3,4,4,5
4889,2013/1/17,402,8,6,1,5,4,3
4890,2013/1/17,70,3,12,3,3,5,4
4891,2013/1/18,21,6,12,2,4,3,5
4892,2013/1/18,494,2,4,1,4,5,4
4893,2013/1/18,270,7,10,5,5,5,4
4894,2013/1/18,73,3,9,1,5,4,5
4895,2013/1/18,386,7,6,3,4,1,4
4896,2013/1/18,157,7,3,4,4,2,3
4897,2013/1/18,230,5,9,4,4,5,3
4898,2013/1/18,45,3,7,1,4,5,5
4899,2013/1/18,315,6,7,5,5,5,4
4900,2013/1/18,168,3,9,4,5,5,3
4901,2013/1/19,450,3,5,4,5,5,4
4902,2013/1/19,349,3,12,5,4,5,4
4903,2013/1/19,363,8,4,2,3,5,4
4904,2013/1/19,86,2,13,5,3,4,5
4905,2013/1/19,181,3,7,4,5,4,5
4906,2013/1/19,178,8,13,4,3,3,4
4907,2013/1/19,369,9,9,2,4,1,5
4908,2013/1/19,422,6,9,5,5,1,3
4909,2013/1/19,118,9,5,5,4,5,5
4910,2013/1/19,36,4,9,2,4,3,5
4911,2013/1/20,303,3,7,2,5,5,3
4912,2013/1/20,72,9,6,1,3,4,4
4913,2013/1/20,384,2,4,5,5,1,4
4914,2013/1/20,347,7,8,3,5,5,4
4915,2013/1/20,246,6,6,5,4,4,5
4916,2013/1/20,463,6,12,3,3,3,3
4917,2013/1/20,402,3,10,1,4,4,3
4918,2013/1/21,414,7,9,4,5,2,5
4919,2013/1/21,347,8,11,2,5,5,3
4920,2013/1/21,274,7,10,5,4,5,5
4921,2013/1/21,148,5,9,5,3,2,4
4922,2013/1/21,150,7,12,2,3,3,5
4923,2013/1/22,416,8,4,3,4,3,3
4924,2013/1/22,137,6,6,2,3,5,3
4925,2013/1/22,189,8,7,4,4,5,5
4926,2013/1/22,320,6,11,5,3,5,4
4927,2013/1/22,34,3,6,1,3,5,3
4928,2013/1/22,453,3,10,3,5,5,3
4929,2013/1/22,121,5,6,2,4,3,5
4930,2013/1/22,209,6,7,5,5,3,4
4931,2013/1/23,328,4,11,5,5,5,3
4932,2013/1/23,96,3,9,5,3,5,5
4933,2013/1/23,336,5,12,5,4,5,3
4934,2013/1/23,471,6,10,3,5,3,5
4935,2013/1/23,293,7,13,4,3,3,4
4936,2013/1/23,8,3,6,1,5,3,5
4937,2013/1/24,472,6,9,1,5,5,4
4938,2013/1/24,44,3,6,2,5,1,4
4939,2013/1/24,309,8,3,5,5,4,3
4940,2013/1/25,216,5,7,1,5,5,4
4941,2013/1/25,207,7,12,5,3,3,4
4942,2013/1/25,391,8,10,4,5,4,3
4943,2013/1/25,243,3,6,4,3,4,3
4944,2013/1/25,87,3,4,2,4,2,3
4945,2013/1/25,279,3,5,3,5,5,4
4946,2013/1/25,2,7,10,2,4,5,5
4947,2013/1/25,268,4,8,5,5,3,3
4948,2013/1/26,432,8,9,5,4,4,4
4949,2013/1/26,22,2,9,3,5,5,4
4950,2013/1/26,346,3,8,5,4,5,4
4951,2013/1/26,303,8,4,1,5,5,4
4952,2013/1/26,245,10,14,5,5,4,5
4953,2013/1/26,428,7,6,4,5,1,4
4954,2013/1/26,252,3,8,5,4,1,5
4955,2013/1/26,209,8,6,4,5,3,5
4956,2013/1/27,197,8,2,1,5,5,5
4957,2013/1/27,9,7,13,4,5,1,5
4958,2013/1/27,387,4,10,5,5,1,5
4959,2013/1/27,118,8,10,5,3,5,3
4960,2013/1/27,179,10,9,4,5,2,4
4961,2013/1/27,454,7,6,5,5,3,5
4962,2013/1/27,336,10,7,4,3,5,5
4963,2013/1/27,67,7,8,3,3,5,4
4964,2013/1/28,492,3,5,5,4,3,3
4965,2013/1/28,380,8,8,4,5,5,4
4966,2013/1/28,428,10,9,4,5,1,3
4967,2013/1/28,291,3,2,4,3,1,4
4968,2013/1/29,13,6,9,2,5,4,3
4969,2013/1/29,158,3,8,4,4,5,3
4970,2013/1/29,302,4,8,3,3,5,3
4971,2013/1/29,347,8,5,1,4,5,5
4972,2013/1/29,395,8,6,4,3,5,4
4973,2013/1/29,109,8,4,4,4,4,4
4974,2013/1/29,404,7,12,4,5,3,3
4975,2013/1/29,437,7,10,4,3,5,5
4976,2013/1/29,158,5,7,4,5,5,5
4977,2013/1/30,56,3,10,3,4,4,5
4978,2013/1/30,369,6,8,1,4,1,5
4979,2013/1/30,82,10,10,3,4,4,4
4980,2013/1/30,220,3,10,1,4,5,4
4981,2013/1/30,33,8,10,5,5,3,5
4982,2013/1/30,480,8,7,5,4,5,5
4983,2013/1/30,40,5,11,2,4,3,5
4984,2013/1/31,223,7,6,5,5,5,4
4985,2013/1/31,127,3,5,1,3,3,5
4986,2013/1/31,182,7,8,5,3,4,3
4987,2013/1/31,97,3,10,3,5,1,3
4988,2013/1/31,210,9,10,4,4,3,4
4989,2013/2/1,258,6,7,5,5,5,4
4990,2013/2/1,326,3,5,1,3,2,4
4991,2013/2/2,132,9,10,2,5,4,5
4992,2013/2/2,495,7,9,5,3,5,5
4993,2013/2/2,377,10,8,1,5,1,4
4994,2013/2/2,116,4,7,5,5,3,3
4995,2013/2/2,81,2,7,4,3,1,3
4996,2013/2/2,300,4,5,3,5,1,5
4997,2013/2/2,383,9,10,4,3,1,5
4998,2013/2/3,456,7,10,5,3,4,4
4999,2013/2/3,271,6,12,5,4,4,5
5000,2013/2/3,482,5,9,5,3,1,4
5001,2013/2/3,216,6,11,4,3,5,5
5002,2013/2/3,144,3,9,5,3,3,5
5003,2013/2/4,31,6,11,5,4,1,5
5004,2013/2/4,440,9,14,5,5,3,5
5005,2013/2/4,11,9,11,1,3,5,3
5006,2013/2/5,128,6,5,5,5,5,5
5007,2013/2/5,350,9,8,1,5,3,3
5008,2013/2/5,14,8,8,1,4,5,3
5009,2013/2/5,142,7,16,4,5,5,5
5010,2013/2/5,269,8,7,5,3,5,4
5011,2013/2/5,352,10,8,2,4,3,5
5012,2013/2/5,475,9,8,4,3,5,5
5013,2013/2/5,144,4,10,5,3,3,3
5014,2013/2/5,309,2,9,5,3,3,3
5015,2013/2/5,199,7,7,4,4,5,5
5016,2013/2/6,409,8,11,5,5,3,4
5017,2013/2/6,278,8,9,4,5,5,4
5018,2013/2/6,18,8,5,3,3,5,5
5019,2013/2/7,482,9,12,5,3,1,3
5020,2013/2/7,97,7,8,3,4,1,4
5021,2013/2/7,288,2,8,5,5,5,4
5022,2013/2/7,190,7,8,3,3,5,5
5023,2013/2/7,17,6,11,1,3,1,3
5024,2013/2/7,203,1,13,4,5,4,4
5025,2013/2/8,112,5,10,4,5,3,5
5026,2013/2/8,2,8,4,1,3,5,3
5027,2013/2/8,167,4,5,3,5,4,5
5028,2013/2/8,353,8,10,3,4,5,5
5029,2013/2/8,455,8,10,1,5,5,5
5030,2013/2/8,308,1,6,5,4,4,5
5031,2013/2/8,101,8,9,5,5,3,5
5032,2013/2/8,440,8,12,5,3,4,5
5033,2013/2/8,201,2,9,4,4,5,5
5034,2013/2/8,28,3,11,5,3,4,4
5035,2013/2/9,112,7,4,4,5,3,5
5036,2013/2/9,217,4,9,4,4,5,3
5037,2013/2/9,434,8,6,1,3,5,3
5038,2013/2/9,133,7,8,3,3,4,4
5039,2013/2/9,399,6,4,4,4,3,5
5040,2013/2/9,31,3,9,5,5,1,5
5041,2013/2/9,71,3,10,1,5,1,3
5042,2013/2/9,289,8,6,4,3,4,3
5043,2013/2/9,443,5,13,3,4,1,4
5044,2013/2/9,225,8,8,4,3,4,3
5045,2013/2/10,393,6,7,4,3,5,5
5046,2013/2/10,345,5,6,5,5,5,5
5047,2013/2/10,373,2,11,4,3,3,3
5048,2013/2/10,147,6,11,3,4,4,5
5049,2013/2/10,475,7,7,4,3,5,3
5050,2013/2/10,101,3,9,5,5,3,4
5051,2013/2/10,468,8,7,2,4,5,5
5052,2013/2/11,173,7,3,4,3,2,4
5053,2013/2/11,284,8,4,5,4,1,3
5054,2013/2/11,75,8,6,1,4,3,3
5055,2013/2/11,168,8,2,4,5,4,4
5056,2013/2/11,242,5,7,4,5,3,3
5057,2013/2/11,462,10,5,3,3,1,5
5058,2013/2/12,213,8,9,3,4,4,4
5059,2013/2/12,259,1,8,3,3,5,3
5060,2013/2/12,375,8,10,5,4,2,5
5061,2013/2/12,62,7,11,3,4,3,4
5062,2013/2/12,252,10,9,5,3,1,4
5063,2013/2/12,100,10,8,4,5,1,5
5064,2013/2/13,49,7,14,5,5,4,3
5065,2013/2/13,249,7,5,5,4,3,4
5066,2013/2/13,178,2,7,4,3,3,4
5067,2013/2/13,47,1,12,1,5,5,5
5068,2013/2/13,487,8,11,5,5,5,5
5069,2013/2/13,224,7,2,4,5,5,5
5070,2013/2/14,2,3,13,1,4,4,4
5071,2013/2/14,457,5,6,1,4,4,4
5072,2013/2/14,207,2,15,5,5,3,5
5073,2013/2/14,413,6,12,5,4,1,3
5074,2013/2/14,281,8,7,4,5,3,4
5075,2013/2/14,424,6,8,3,5,3,4
5076,2013/2/14,391,4,12,4,3,4,5
5077,2013/2/15,148,10,14,4,4,2,4
5078,2013/2/15,112,7,8,4,4,3,5
5079,2013/2/15,110,7,10,2,4,4,4
5080,2013/2/15,422,1,10,4,5,1,5
5081,2013/2/15,394,8,4,2,3,4,3
5082,2013/2/16,34,6,14,2,5,5,3
5083,2013/2/16,360,8,11,5,4,5,5
5084,2013/2/16,143,6,6,4,5,5,5
5085,2013/2/16,256,3,18,3,4,4,5
5086,2013/2/16,53,8,9,3,5,4,4
5087,2013/2/17,433,8,8,5,5,1,4
5088,2013/2/17,195,10,6,5,5,4,4
5089,2013/2/17,306,7,13,2,3,4,5
5090,2013/2/17,235,3,9,3,4,4,3
5091,2013/2/18,38,3,10,1,3,3,4
5092,2013/2/18,481,8,8,1,5,3,4
5093,2013/2/18,481,5,11,1,4,3,5
5094,2013/2/18,72,3,9,1,4,4,5
5095,2013/2/18,43,7,11,3,3,3,5
5096,2013/2/18,114,8,11,3,4,5,5
5097,2013/2/19,69,7,3,5,5,3,5
5098,2013/2/19,83,7,9,3,3,4,3
5099,2013/2/19,492,6,13,3,3,3,4
5100,2013/2/19,400,7,10,4,4,4,3
5101,2013/2/19,56,1,9,3,5,4,4
5102,2013/2/19,336,7,5,4,4,5,3
5103,2013/2/20,348,9,10,5,5,4,5
5104,2013/2/20,207,1,7,5,3,3,5
5105,2013/2/20,343,6,10,5,3,4,5
5106,2013/2/20,363,3,8,1,3,5,5
5107,2013/2/20,64,7,13,3,3,4,5
5108,2013/2/21,283,8,11,4,5,5,3
5109,2013/2/21,102,8,3,4,3,1,4
5110,2013/2/21,153,7,6,4,5,3,3
5111,2013/2/21,409,6,12,4,5,3,5
5112,2013/2/22,357,10,5,3,5,4,3
5113,2013/2/22,283,8,10,4,3,5,5
5114,2013/2/22,192,2,9,3,5,5,3
5115,2013/2/22,168,7,5,4,4,5,4
5116,2013/2/22,102,7,8,4,4,1,4
5117,2013/2/22,42,10,11,4,3,1,3
5118,2013/2/22,239,8,11,3,5,1,3
5119,2013/2/22,112,8,6,4,3,3,3
5120,2013/2/22,284,8,10,5,5,1,3
5121,2013/2/23,103,8,3,5,3,4,3
5122,2013/2/23,317,6,7,1,4,5,5
5123,2013/2/23,378,7,9,3,5,3,5
5124,2013/2/23,177,3,11,4,4,4,4
5125,2013/2/23,320,8,10,5,3,4,3
5126,2013/2/23,67,3,17,3,4,5,5
5127,2013/2/23,155,7,6,3,3,3,4
5128,2013/2/24,80,3,6,1,4,4,5
5129,2013/2/24,454,7,9,5,5,3,3
5130,2013/2/24,496,3,12,5,3,5,4
5131,2013/2/24,311,8,7,5,5,3,5
5132,2013/2/24,496,4,8,5,4,5,5
5133,2013/2/24,433,7,8,5,4,1,5
5134,2013/2/24,252,4,8,5,5,1,3
5135,2013/2/24,349,8,11,5,5,5,4
5136,2013/2/25,319,3,5,5,5,4,5
5137,2013/2/25,109,3,9,4,4,4,4
5138,2013/2/25,419,4,7,1,5,4,3
5139,2013/2/25,340,8,10,5,5,4,3
5140,2013/2/25,101,7,8,5,3,3,3
5141,2013/2/25,278,6,4,4,3,5,5
5142,2013/2/26,25,8,14,2,4,3,5
5143,2013/2/26,224,5,9,4,5,5,4
5144,2013/2/26,219,6,10,4,4,2,5
5145,2013/2/27,473,8,8,1,3,5,5
5146,2013/2/27,209,2,9,5,5,3,3
5147,2013/2/27,107,5,12,4,4,3,3
5148,2013/2/27,37,7,14,5,4,5,5
5149,2013/2/27,311,3,9,4,4,3,3
5150,2013/2/27,260,7,6,4,3,3,3
5151,2013/2/27,460,3,3,1,3,3,3
5152,2013/2/27,371,1,14,5,4,3,5
5153,2013/2/27,389,8,9,5,5,4,5
5154,2013/2/28,477,7,3,4,4,3,5
5155,2013/2/28,354,8,11,1,5,4,5
5156,2013/2/28,359,4,11,4,4,4,4
5157,2013/2/28,5,10,12,4,4,5,5
5158,2013/2/28,53,2,11,3,5,4,5
5159,2013/2/28,118,4,7,5,5,5,5
5160,2013/2/28,32,3,9,1,5,5,5
5161,2013/2/28,270,5,14,5,3,5,5
5162,2013/3/1,436,2,11,5,5,5,3
5163,2013/3/1,67,6,9,2,5,5,3
5164,2013/3/2,206,6,10,3,4,4,5
5165,2013/3/2,186,3,10,4,4,5,3
5166,2013/3/2,379,10,10,4,5,4,5
5167,2013/3/2,190,8,7,4,5,5,5
5168,2013/3/3,477,10,8,4,3,3,3
5169,2013/3/3,37,7,9,5,4,5,4
5170,2013/3/3,97,3,5,2,5,1,5
5171,2013/3/3,430,8,5,1,5,5,4
5172,2013/3/3,436,8,8,5,4,5,4
5173,2013/3/3,31,5,9,5,3,1,3
5174,2013/3/4,302,3,7,3,3,5,4
5175,2013/3/4,461,6,9,1,4,5,5
5176,2013/3/4,413,8,6,3,5,1,3
5177,2013/3/4,371,5,9,4,5,3,5
5178,2013/3/4,491,3,12,4,5,5,3
5179,2013/3/5,91,3,14,1,3,4,4
5180,2013/3/5,322,7,9,5,5,5,3
5181,2013/3/5,57,10,13,1,3,5,3
5182,2013/3/5,252,7,7,5,3,1,3
5183,2013/3/5,184,1,13,4,3,4,3
5184,2013/3/5,461,7,4,1,5,5,4
5185,2013/3/5,278,10,15,4,5,5,3
5186,2013/3/5,496,4,5,5,3,5,3
5187,2013/3/5,246,8,9,4,3,4,3
5188,2013/3/5,313,2,9,3,5,3,3
5189,2013/3/5,331,6,7,5,5,5,3
5190,2013/3/5,360,1,7,4,3,5,5
5191,2013/3/6,63,10,9,3,4,4,5
5192,2013/3/6,198,9,8,3,3,4,3
5193,2013/3/6,465,3,13,3,4,1,5
5194,2013/3/6,195,5,5,5,5,4,5
5195,2013/3/6,28,4,13,5,3,4,4
5196,2013/3/7,353,1,2,3,3,5,3
5197,2013/3/7,474,3,8,1,3,5,3
5198,2013/3/7,356,6,10,5,5,4,3
5199,2013/3/7,55,4,14,1,4,5,5
5200,2013/3/8,254,4,7,4,3,1,5
5201,2013/3/8,30,7,11,1,4,5,5
5202,2013/3/8,312,6,7,5,5,5,5
5203,2013/3/8,214,8,6,3,3,4,5
5204,2013/3/9,272,7,3,5,4,5,3
5205,2013/3/9,27,7,11,3,5,4,4
5206,2013/3/9,70,7,7,3,3,5,5
5207,2013/3/9,480,1,8,5,5,5,5
5208,2013/3/9,485,3,5,4,5,3,4
5209,2013/3/9,463,3,6,3,5,3,3
5210,2013/3/10,205,2,1,5,5,5,4
5211,2013/3/10,239,7,8,3,5,1,3
5212,2013/3/10,227,8,7,4,3,5,3
5213,2013/3/10,103,3,10,5,5,5,5
5214,2013/3/10,368,10,8,2,3,4,4
5215,2013/3/11,444,7,6,5,5,3,5
5216,2013/3/11,198,3,8,3,4,4,5
5217,2013/3/11,463,3,8,3,4,3,4
5218,2013/3/11,421,4,12,1,5,1,4
5219,2013/3/12,37,7,13,4,5,5,5
5220,2013/3/12,216,9,8,4,5,5,4
5221,2013/3/12,361,8,9,4,3,5,5
5222,2013/3/12,335,8,8,5,4,3,4
5223,2013/3/12,78,3,10,1,5,3,3
5224,2013/3/12,443,3,8,3,5,1,5
5225,2013/3/13,63,7,5,2,5,4,5
5226,2013/3/13,318,8,7,1,5,4,5
5227,2013/3/13,166,7,7,4,5,2,3
5228,2013/3/13,149,4,9,3,3,5,3
5229,2013/3/13,286,6,9,3,5,4,5
5230,2013/3/13,374,7,10,2,4,3,3
5231,2013/3/13,82,10,10,3,4,4,5
5232,2013/3/13,365,7,10,1,5,5,3
5233,2013/3/13,69,8,6,5,3,3,4
5234,2013/3/13,245,5,9,4,3,4,3
5235,2013/3/13,277,3,7,5,5,5,5
5236,2013/3/13,476,1,9,5,5,1,3
5237,2013/3/13,286,6,12,3,5,4,5
5238,2013/3/13,435,5,9,3,3,1,4
5239,2013/3/14,93,3,11,5,4,3,4
5240,2013/3/14,123,7,8,4,4,5,4
5241,2013/3/14,312,8,12,5,3,5,4
5242,2013/3/14,285,7,5,3,4,4,3
5243,2013/3/15,378,7,12,3,4,3,5
5244,2013/3/15,408,4,8,5,4,4,5
5245,2013/3/15,102,8,7,4,3,1,4
5246,2013/3/15,282,6,9,4,5,5,3
5247,2013/3/15,354,6,6,3,4,4,4
5248,2013/3/15,356,8,8,5,3,4,4
5249,2013/3/15,215,3,9,4,4,5,5
5250,2013/3/15,66,3,8,5,4,3,5
5251,2013/3/15,412,9,10,5,4,3,5
5252,2013/3/15,138,4,7,3,3,5,5
5253,2013/3/16,26,7,7,1,3,3,5
5254,2013/3/17,339,3,6,4,5,3,3
5255,2013/3/17,200,8,12,4,3,4,4
5256,2013/3/17,274,9,6,5,5,5,5
5257,2013/3/17,167,10,9,3,5,4,3
5258,2013/3/17,124,9,15,4,4,4,5
5259,2013/3/17,153,2,6,4,4,3,3
5260,2013/3/17,196,7,12,1,5,4,5
5261,2013/3/18,436,8,12,5,4,5,5
5262,2013/3/19,84,8,8,3,5,5,3
5263,2013/3/19,360,6,13,5,4,5,4
5264,2013/3/19,165,7,5,3,4,5,3
5265,2013/3/19,214,3,5,3,5,4,5
5266,2013/3/19,340,8,12,5,4,4,4
5267,2013/3/20,405,7,7,3,3,1,3
5268,2013/3/20,323,9,12,4,4,3,4
5269,2013/3/20,139,3,9,3,3,3,5
5270,2013/3/20,16,7,7,2,3,1,4
5271,2013/3/20,67,3,4,2,4,5,5
5272,2013/3/20,154,8,9,3,5,3,3
5273,2013/3/20,59,3,8,3,5,5,4
5274,2013/3/20,432,5,5,5,5,4,3
5275,2013/3/21,28,7,10,4,5,4,4
5276,2013/3/22,415,4,12,3,5,1,5
5277,2013/3/22,33,5,7,5,5,3,5
5278,2013/3/22,179,8,10,4,5,2,5
5279,2013/3/22,476,6,10,5,4,1,4
5280,2013/3/22,390,4,3,5,3,5,5
5281,2013/3/23,382,4,10,4,5,3,5
5282,2013/3/23,9,8,5,2,5,1,3
5283,2013/3/23,261,10,4,4,3,4,3
5284,2013/3/23,36,7,8,3,3,3,5
5285,2013/3/23,76,8,10,1,3,1,3
5286,2013/3/23,250,8,5,4,5,4,4
5287,2013/3/24,424,3,14,3,4,3,5
5288,2013/3/24,341,6,10,5,3,4,5
5289,2013/3/24,457,4,10,1,4,4,5
5290,2013/3/24,196,7,4,3,5,3,5
5291,2013/3/24,367,1,9,3,3,5,5
5292,2013/3/24,490,3,11,1,5,3,5
5293,2013/3/25,68,7,7,3,4,1,4
5294,2013/3/25,188,3,4,4,5,5,5
5295,2013/3/25,432,3,13,5,5,4,4
5296,2013/3/25,149,9,10,3,4,5,5
5297,2013/3/25,102,1,5,4,3,1,4
5298,2013/3/25,311,3,17,5,3,3,3
5299,2013/3/26,90,7,6,1,4,2,4
5300,2013/3/26,457,3,9,2,4,4,5
5301,2013/3/26,248,8,3,5,5,5,3
5302,2013/3/26,449,9,12,4,5,3,4
5303,2013/3/27,119,2,10,5,5,4,4
5304,2013/3/27,47,7,5,1,5,5,3
5305,2013/3/27,426,4,9,3,3,1,4
5306,2013/3/27,110,10,5,2,5,4,5
5307,2013/3/28,420,4,8,4,5,3,4
5308,2013/3/28,186,7,9,5,4,5,5
5309,2013/3/28,203,7,5,4,5,4,3
5310,2013/3/29,261,7,10,4,4,4,5
5311,2013/3/29,341,8,14,5,4,4,3
5312,2013/3/29,338,6,9,4,5,2,5
5313,2013/3/29,390,1,5,5,3,5,5
5314,2013/3/29,95,7,5,5,5,3,4
5315,2013/3/29,174,7,3,4,3,5,5
5316,2013/3/29,259,3,9,4,4,5,4
5317,2013/3/30,87,9,14,1,3,2,5
5318,2013/3/30,461,8,4,2,3,3,5
5319,2013/3/30,191,3,9,4,3,4,5
5320,2013/3/30,432,7,1,5,3,4,4
5321,2013/3/30,193,6,9,1,4,5,4
5322,2013/3/31,383,7,2,4,5,1,3
5323,2013/3/31,388,7,12,4,3,5,3
5324,2013/3/31,414,7,8,3,5,3,3
5325,2013/3/31,154,7,8,3,5,3,4
5326,2013/3/31,395,2,10,4,5,5,4
