会員番号,年齢,性別
1,70,男性
2,33,男性
3,34,女性
4,62,女性
5,57,女性
8,24,女性
9,31,女性
11,33,男性
12,28,男性
13,25,男性
14,27,男性
15,26,男性
16,26,男性
17,28,男性
18,31,男性
19,28,女性
20,25,男性
21,25,男性
22,23,男性
23,39,女性
25,38,女性
26,25,男性
27,31,女性
28,56,女性
29,36,女性
30,54,男性
31,58,女性
32,28,男性
33,22,女性
34,32,女性
36,26,女性
37,26,男性
38,36,女性
39,24,男性
40,26,女性
41,31,男性
42,56,男性
43,21,男性
44,25,男性
45,24,女性
46,26,女性
47,32,男性
48,20,女性
49,53,男性
50,55,男性
51,54,男性
52,24,女性
53,68,男性
54,52,男性
55,26,女性
56,24,女性
57,35,女性
58,28,女性
59,22,男性
60,23,男性
61,68,女性
62,31,女性
63,26,男性
64,25,女性
65,25,女性
66,51,女性
67,36,女性
68,28,男性
69,65,女性
70,24,女性
71,25,女性
72,29,女性
73,24,女性
74,56,男性
75,26,男性
76,32,女性
77,32,男性
78,20,男性
79,25,女性
80,32,女性
81,58,女性
82,32,女性
83,24,女性
84,27,女性
85,48,女性
86,55,女性
87,34,女性
88,31,男性
89,25,男性
90,22,女性
91,32,女性
92,22,女性
93,27,女性
94,36,男性
95,35,女性
96,27,男性
97,21,男性
98,25,男性
99,26,男性
100,31,男性
101,32,男性
102,38,女性
103,52,女性
104,22,男性
105,26,女性
106,26,男性
107,57,女性
108,24,女性
109,27,女性
110,31,男性
111,19,男性
112,32,女性
113,36,女性
114,36,女性
115,37,女性
116,47,女性
117,30,女性
118,52,女性
119,24,女性
120,32,男性
121,28,女性
122,70,女性
123,19,女性
124,24,女性
125,25,男性
126,22,女性
127,32,男性
128,39,女性
129,48,女性
130,25,男性
131,24,男性
132,49,男性
133,24,女性
134,31,男性
135,26,女性
136,32,女性
137,26,女性
138,25,女性
139,31,女性
140,19,女性
141,25,女性
142,62,女性
143,22,女性
144,65,男性
145,28,女性
146,55,男性
147,24,男性
148,55,女性
149,45,女性
150,19,女性
151,48,女性
152,31,男性
153,24,女性
154,27,女性
155,30,女性
156,27,男性
157,48,女性
158,18,女性
159,33,男性
160,26,女性
162,55,女性
163,38,女性
164,24,女性
165,28,女性
166,56,女性
167,21,男性
168,18,女性
169,23,女性
170,22,女性
171,26,女性
172,20,女性
173,55,女性
174,25,男性
175,49,男性
176,25,男性
177,26,女性
178,21,女性
179,48,女性
180,35,女性
181,37,女性
182,53,女性
183,32,女性
184,36,男性
185,27,男性
186,22,女性
187,27,女性
188,28,男性
189,24,男性
190,55,女性
191,23,女性
192,53,男性
193,27,女性
194,70,男性
195,32,男性
196,46,女性
197,28,女性
198,27,女性
199,36,女性
200,24,女性
201,24,女性
202,35,女性
203,34,女性
204,32,男性
205,25,女性
206,23,女性
207,24,女性
208,70,男性
209,29,女性
210,28,女性
211,27,女性
212,21,女性
213,26,女性
214,20,男性
215,26,男性
216,36,女性
217,55,女性
218,21,男性
219,58,男性
220,32,男性
221,55,女性
222,24,女性
223,24,男性
224,35,男性
225,30,女性
226,27,女性
227,29,男性
228,22,女性
229,24,男性
230,27,男性
231,32,女性
232,22,女性
234,31,女性
235,23,女性
236,21,女性
237,57,女性
238,27,女性
239,53,女性
241,26,男性
242,16,男性
243,27,女性
244,25,女性
245,26,男性
246,33,女性
247,22,女性
248,24,男性
249,21,男性
250,38,男性
251,48,女性
252,50,女性
253,26,女性
254,49,女性
255,31,女性
256,24,男性
257,25,女性
258,35,男性
259,27,女性
260,31,女性
261,27,女性
262,25,男性
264,22,女性
265,28,男性
266,25,男性
267,64,男性
268,17,女性
269,19,女性
270,36,女性
271,27,男性
272,26,女性
273,46,女性
274,36,女性
275,25,男性
276,30,女性
277,37,男性
278,24,男性
279,27,男性
280,37,女性
281,28,男性
282,26,女性
283,38,男性
284,58,男性
285,34,男性
286,25,女性
287,25,女性
288,32,女性
289,27,女性
290,37,女性
291,48,女性
292,34,男性
293,26,男性
294,23,女性
295,24,女性
296,31,女性
297,26,男性
298,39,男性
299,25,女性
300,57,男性
301,25,男性
302,36,女性
303,24,男性
304,21,女性
306,27,女性
307,32,男性
308,31,男性
309,39,女性
310,32,男性
311,22,男性
312,33,男性
313,31,女性
314,45,男性
315,35,女性
316,37,男性
317,30,女性
318,25,男性
319,26,男性
320,60,男性
321,26,女性
322,54,女性
323,26,女性
324,32,男性
325,54,男性
326,23,男性
327,26,女性
328,21,女性
329,31,男性
330,50,女性
331,32,女性
332,21,男性
333,33,女性
334,48,男性
335,23,女性
336,53,女性
337,46,女性
338,39,男性
339,32,男性
340,34,女性
341,28,女性
342,23,女性
343,22,男性
344,54,女性
345,24,女性
346,24,男性
347,34,女性
348,32,男性
349,24,女性
350,35,女性
351,26,女性
352,31,女性
353,49,男性
354,36,女性
355,53,女性
356,70,女性
357,26,男性
358,25,女性
359,34,女性
360,26,女性
361,26,男性
362,26,女性
363,26,女性
364,18,男性
365,24,女性
366,28,女性
367,26,女性
368,50,女性
369,20,女性
370,48,男性
371,28,女性
372,22,女性
373,36,女性
374,32,女性
375,49,女性
376,38,女性
377,32,女性
378,25,女性
379,32,女性
380,19,女性
381,25,男性
382,32,女性
383,68,女性
384,36,女性
385,27,女性
386,58,女性
387,32,女性
388,25,女性
389,30,男性
390,31,女性
391,32,女性
392,24,男性
393,24,女性
394,28,女性
395,32,女性
397,64,男性
398,37,女性
399,24,男性
400,19,女性
401,26,男性
402,25,女性
403,68,男性
404,26,女性
405,53,女性
407,38,女性
408,49,女性
409,49,女性
410,36,女性
411,24,女性
412,24,男性
413,22,女性
414,32,女性
415,27,女性
416,31,男性
417,39,男性
418,28,女性
419,25,女性
420,26,男性
421,36,男性
422,36,女性
423,48,女性
424,48,女性
425,26,女性
426,22,男性
427,30,男性
428,53,女性
430,22,男性
431,27,女性
432,28,男性
433,27,男性
434,25,男性
435,33,男性
436,54,女性
437,18,女性
438,24,男性
439,17,女性
440,30,女性
441,26,女性
442,32,女性
443,55,女性
444,54,女性
446,27,男性
448,24,女性
449,32,男性
450,34,男性
451,24,男性
452,21,女性
453,24,女性
454,32,女性
455,28,女性
456,54,男性
457,31,女性
458,25,男性
459,47,男性
460,32,女性
461,26,男性
462,27,女性
463,68,女性
464,31,女性
465,31,男性
466,22,女性
467,23,女性
468,37,女性
469,25,男性
471,64,男性
472,33,女性
473,20,男性
474,24,女性
475,35,女性
476,55,女性
477,28,女性
478,28,男性
479,19,男性
480,22,男性
481,34,女性
482,31,女性
483,35,女性
484,33,男性
485,70,男性
486,47,女性
487,34,女性
488,26,女性
489,17,女性
490,28,女性
491,26,女性
492,54,男性
493,27,男性
494,36,男性
495,23,男性
496,55,女性
497,28,女性
498,35,男性
499,26,女性
500,32,女性
